domain,field,max_abs_error,mean_abs_error,median_abs_error,std_abs_error,p10_abs_error,p90_abs_error,p95_abs_error,p99_abs_error,cell_count
all_grid_cells,shadow_mask,0.0,0.0,0.0,0.0,0.0,0.0,0.0,0.0,28120
all_grid_cells,svf,0.004194572176794309,2.00768797008144e-06,0.0,5.556410987199759e-05,0.0,0.0,0.0,0.0,28120
all_grid_cells,direct_sw,0.0,0.0,0.0,0.0,0.0,0.0,0.0,0.0,28120
all_grid_cells,total_sw,0.1288091035825687,6.165312618298665e-05,0.0,0.0017062915792863459,0.0,0.0,0.0,0.0,28120
all_grid_cells,total_lw,0.1293261153664389,6.19005884497434e-05,0.0,0.0017131402633364557,0.0,0.0,0.0,0.0,28120
all_grid_cells,tmrt,0.02890152869707663,1.3890542391036443e-05,0.0,0.00038390894171272963,0.0,0.0,0.0,0.0,28120
all_grid_cells,utci,0.10000000000000142,7.112375533428013e-06,0.0,0.0008433190187924484,0.0,0.0,0.0,0.0,28120
main_analysis_cells,shadow_mask,0.0,0.0,0.0,0.0,0.0,0.0,0.0,0.0,7225
main_analysis_cells,svf,0.004194572176794309,7.714063233389939e-06,0.0,0.00010940968901577077,0.0,0.0,0.0,9.2030863470427e-05,7225
main_analysis_cells,direct_sw,0.0,0.0,0.0,0.0,0.0,0.0,0.0,0.0,7225
main_analysis_cells,total_sw,0.1288091035825687,0.00023688746508377143,0.0,0.0033598096233344076,0.0,0.0,0.0,0.00282613161152085,7225
main_analysis_cells,total_lw,0.1293261153664389,0.00023783827995243865,0.0,0.0033732951699186253,0.0,0.0,0.0,0.0028374750904458777,7225
main_analysis_cells,tmrt,0.02890152869707663,5.336152865172049e-05,0.0,0.0007559391455378359,0.0,0.0,0.0,0.0006386541369624866,7225
main_analysis_cells,utci,0.10000000000000142,2.768166089965339e-05,0.0,0.0016635503646163265,0.0,0.0,0.0,0.0,7225
unbuilt_pedestrian_cells,shadow_mask,0.0,0.0,0.0,0.0,0.0,0.0,0.0,0.0,3837
unbuilt_pedestrian_cells,svf,0.004194572176794309,1.4525438327141596e-05,0.0,0.00014980405276246445,0.0,0.0,0.0,0.0003354443967367526,3837
unbuilt_pedestrian_cells,direct_sw,0.0,0.0,0.0,0.0,0.0,0.0,0.0,0.0,3837
unbuilt_pedestrian_cells,total_sw,0.1288091035825687,0.00044605471337770357,0.0,0.004600260750336965,0.0,0.0,0.0,0.010301000966070433,3837
unbuilt_pedestrian_cells,total_lw,0.1293261153664389,0.00044784508018148796,0.0,0.004618725198506096,0.0,0.0,0.0,0.010342346948143587,3837
unbuilt_pedestrian_cells,tmrt,0.02890152869707663,0.00010047877104734963,0.0,0.0010350285889018358,0.0,0.0,0.0,0.0023208010586858985,3837
unbuilt_pedestrian_cells,utci,0.10000000000000142,5.212405525149745e-05,0.0,0.0022824742294303723,0.0,0.0,0.0,0.0,3837
church_street_corridor_cells,shadow_mask,0.0,0.0,0.0,0.0,0.0,0.0,0.0,0.0,668
church_street_corridor_cells,svf,0.004194572176794309,6.424268721403654e-05,0.0,0.00030442198788636405,0.0,7.991363707393662e-05,0.00028627702455108484,0.001477561906626249,668
church_street_corridor_cells,direct_sw,0.0,0.0,0.0,0.0,0.0,0.0,0.0,0.0,668
church_street_corridor_cells,total_sw,0.1288091035825687,0.0019727978451655388,0.0,0.009348348703448368,0.0,0.0024540295223630577,0.00879114373394856,0.04537373936086891,668
church_street_corridor_cells,total_lw,0.1293261153664389,0.0019807162275224054,0.0,0.009385870946091793,0.0,0.002463879464255583,0.00882642947679244,0.04555585970233619,668
church_street_corridor_cells,tmrt,0.02890152869707663,0.0004449686859471318,0.0,0.0021061288222572754,0.0,0.0005604959655215706,0.001972348338514962,0.010259456162787764,668
church_street_corridor_cells,utci,0.09999999999999432,0.0001497005988023867,0.0,0.003866219032977314,0.0,0.0,0.0,0.0,668
