tree_id,geometry_state,height_m,crown_diameter_m,crown_base_height_m,crown_top_height_m,trunk_diameter_m,crown_area_m2,source_status,confidence,current_existence_status,approved_for_simulation,notes
T08,CONSERVATIVE_SMALL,11.0,9.5,3.8,11.0,0.70,70.88,PHOTO_ESTIMATED,MEDIUM,CURRENT_EXISTENCE_UNCERTAIN,false,"CONSERVATIVE_SMALL bound for sensitivity envelope: Height 11.0m, Crown Diam 9.5m, Base 3.8m. Perspective scaling against 4-story building floor slabs (~3.5m each) and vehicle road clearance (~4.0m) from KV 814425142 and Commons 72609328."
T08,NOMINAL,13.5,12.0,4.2,13.5,0.85,113.10,PHOTO_ESTIMATED,MEDIUM,CURRENT_EXISTENCE_UNCERTAIN,false,"NOMINAL bound for sensitivity envelope: Height 13.5m, Crown Diam 12.0m, Base 4.2m. Perspective scaling against 4-story building floor slabs (~3.5m each) and vehicle road clearance (~4.0m) from KV 814425142 and Commons 72609328."
T08,CONSERVATIVE_LARGE,16.0,15.0,4.5,16.0,1.00,176.71,PHOTO_ESTIMATED,MEDIUM,CURRENT_EXISTENCE_UNCERTAIN,false,"CONSERVATIVE_LARGE bound for sensitivity envelope: Height 16.0m, Crown Diam 15.0m, Base 4.5m. Perspective scaling against 4-story building floor slabs (~3.5m each) and vehicle road clearance (~4.0m) from KV 814425142 and Commons 72609328."
T09,CONSERVATIVE_SMALL,9.0,7.0,3.2,9.0,0.45,38.48,PHOTO_ESTIMATED,MEDIUM,CURRENT_EXISTENCE_UNCERTAIN,false,"CONSERVATIVE_SMALL bound for sensitivity envelope: Height 9.0m, Crown Diam 7.0m, Base 3.2m. Roadside passage capture at 5.6m distance (KV 814425130). Dense rounded canopy scaled against street width (~12m)."
T09,NOMINAL,11.0,8.5,3.8,11.0,0.55,56.75,PHOTO_ESTIMATED,MEDIUM,CURRENT_EXISTENCE_UNCERTAIN,false,"NOMINAL bound for sensitivity envelope: Height 11.0m, Crown Diam 8.5m, Base 3.8m. Roadside passage capture at 5.6m distance (KV 814425130). Dense rounded canopy scaled against street width (~12m)."
T09,CONSERVATIVE_LARGE,13.0,10.5,4.2,13.0,0.65,86.59,PHOTO_ESTIMATED,MEDIUM,CURRENT_EXISTENCE_UNCERTAIN,false,"CONSERVATIVE_LARGE bound for sensitivity envelope: Height 13.0m, Crown Diam 10.5m, Base 4.2m. Roadside passage capture at 5.6m distance (KV 814425130). Dense rounded canopy scaled against street width (~12m)."
T10,CONSERVATIVE_SMALL,7.5,6.0,2.8,7.5,0.35,28.27,PHOTO_ESTIMATED,MEDIUM,CURRENT_EXISTENCE_UNCERTAIN,false,"CONSERVATIVE_SMALL bound for sensitivity envelope: Height 7.5m, Crown Diam 6.0m, Base 2.8m. Approach view from KV 814425138 (14.5m distance). Canopy height scaled between adjacent T08 and commercial shop heights."
T10,NOMINAL,9.5,7.5,3.2,9.5,0.45,44.18,PHOTO_ESTIMATED,MEDIUM,CURRENT_EXISTENCE_UNCERTAIN,false,"NOMINAL bound for sensitivity envelope: Height 9.5m, Crown Diam 7.5m, Base 3.2m. Approach view from KV 814425138 (14.5m distance). Canopy height scaled between adjacent T08 and commercial shop heights."
T10,CONSERVATIVE_LARGE,11.5,9.0,3.6,11.5,0.55,63.62,PHOTO_ESTIMATED,MEDIUM,CURRENT_EXISTENCE_UNCERTAIN,false,"CONSERVATIVE_LARGE bound for sensitivity envelope: Height 11.5m, Crown Diam 9.0m, Base 3.6m. Approach view from KV 814425138 (14.5m distance). Canopy height scaled between adjacent T08 and commercial shop heights."
T11,CONSERVATIVE_SMALL,6.5,4.2,2.4,6.5,0.24,13.85,PHOTO_ESTIMATED,MEDIUM,CURRENT_EXISTENCE_UNCERTAIN,false,"CONSERVATIVE_SMALL bound for sensitivity envelope: Height 6.5m, Crown Diam 4.2m, Base 2.4m. Roadside view at 11.1m (KV 814425114) and Mapillary 360 sequence. Compact upright crown scaled relative to single-story retail storefront."
T11,NOMINAL,8.0,5.5,2.8,8.0,0.30,23.76,PHOTO_ESTIMATED,MEDIUM,CURRENT_EXISTENCE_UNCERTAIN,false,"NOMINAL bound for sensitivity envelope: Height 8.0m, Crown Diam 5.5m, Base 2.8m. Roadside view at 11.1m (KV 814425114) and Mapillary 360 sequence. Compact upright crown scaled relative to single-story retail storefront."
T11,CONSERVATIVE_LARGE,9.5,6.8,3.2,9.5,0.36,36.32,PHOTO_ESTIMATED,MEDIUM,CURRENT_EXISTENCE_UNCERTAIN,false,"CONSERVATIVE_LARGE bound for sensitivity envelope: Height 9.5m, Crown Diam 6.8m, Base 3.2m. Roadside view at 11.1m (KV 814425114) and Mapillary 360 sequence. Compact upright crown scaled relative to single-story retail storefront."
T12,CONSERVATIVE_SMALL,6.0,3.8,2.2,6.0,0.22,11.34,PHOTO_ESTIMATED,MEDIUM,CURRENT_EXISTENCE_UNCERTAIN,false,"CONSERVATIVE_SMALL bound for sensitivity envelope: Height 6.0m, Crown Diam 3.8m, Base 2.2m. Direct lateral capture at 7.5m distance (KV 814425338). Slender columnar crown companion to T11."
T12,NOMINAL,7.5,5.0,2.6,7.5,0.28,19.63,PHOTO_ESTIMATED,MEDIUM,CURRENT_EXISTENCE_UNCERTAIN,false,"NOMINAL bound for sensitivity envelope: Height 7.5m, Crown Diam 5.0m, Base 2.6m. Direct lateral capture at 7.5m distance (KV 814425338). Slender columnar crown companion to T11."
T12,CONSERVATIVE_LARGE,9.0,6.2,3.0,9.0,0.34,30.19,PHOTO_ESTIMATED,MEDIUM,CURRENT_EXISTENCE_UNCERTAIN,false,"CONSERVATIVE_LARGE bound for sensitivity envelope: Height 9.0m, Crown Diam 6.2m, Base 3.0m. Direct lateral capture at 7.5m distance (KV 814425338). Slender columnar crown companion to T11."
T13,CONSERVATIVE_SMALL,3.8,2.6,1.4,3.8,0.14,5.31,PHOTO_ESTIMATED,MEDIUM,CURRENT_EXISTENCE_UNCERTAIN,false,"CONSERVATIVE_SMALL bound for sensitivity envelope: Height 3.8m, Crown Diam 2.6m, Base 1.4m. Lateral roadside view at 12.2m (KV 814425266). Small shrubby tree in raised planter; scaled against planter wall (~0.6m) and pedestrian height."
T13,NOMINAL,5.0,3.5,1.8,5.0,0.18,9.62,PHOTO_ESTIMATED,MEDIUM,CURRENT_EXISTENCE_UNCERTAIN,false,"NOMINAL bound for sensitivity envelope: Height 5.0m, Crown Diam 3.5m, Base 1.8m. Lateral roadside view at 12.2m (KV 814425266). Small shrubby tree in raised planter; scaled against planter wall (~0.6m) and pedestrian height."
T13,CONSERVATIVE_LARGE,6.5,4.5,2.2,6.5,0.22,15.90,PHOTO_ESTIMATED,MEDIUM,CURRENT_EXISTENCE_UNCERTAIN,false,"CONSERVATIVE_LARGE bound for sensitivity envelope: Height 6.5m, Crown Diam 4.5m, Base 2.2m. Lateral roadside view at 12.2m (KV 814425266). Small shrubby tree in raised planter; scaled against planter wall (~0.6m) and pedestrian height."
