map_label,building_id,name,footprint_area_m2,source_num_floors,proposed_height_from_floors_m,google_2023_estimated_height_m,google_height_valid_pixel_fraction,decision_status,uncertainty_level,assigned_model_height_m,height_source_type,decision_rationale
B01,ef5d616d-eab5-4d91-8ed5-af5fbbff9a09,,595.401,,,19.0,0.7152,approved,moderate,19.0,Google/ML-estimated,Approved Google ML height 19.0m (coverage 71.5%) in absence of floor tags.
B02,65d0175e-5fe0-42de-a955-fff258f4c6c8,,933.209,3,9.6,18.5,0.4942,uncertain,high,18.5,Google/ML-estimated,"Discrepancy between floor tag (3 fl = 9.6m) and ML (18.5m, pix 49.4%). Adopted ML height 18.5m for shadow conservative analysis; marked uncertain with floor bounds [9.6m, 18.5m]."
B03,963df15f-19f2-47fd-914d-7b80db9d335f,,57.439,,,2.5,0.0742,uncertain,high,2.5,Google/ML-estimated,Small structure (57.4 m2) with sparse ML pixel coverage (7.4%). Adopted ML height 2.5m marked uncertain.
B04,ed8377d2-272f-43cc-821b-49fc34e87a99,Spencer Building,1719.791,5,16.0,18.0,0.9339,approved,moderate,18.0,Google/ML-estimated,Approved Google ML height 18.0m (coverage 93.4%); corroborates source tag of 5 floors (16.0m).
B05,30a23f8d-824e-4820-83c1-022fc18d55ca,,128.703,3,9.6,7.5,0.6226,approved,moderate,7.5,Google/ML-estimated,Approved Google ML height 7.5m (coverage 62.3%); corroborates source tag of 3 floors (9.6m).
B06,726d166e-edae-4ba0-bf15-14f5331634ce,,1160.177,,,18.0,0.8872,approved,moderate,18.0,Google/ML-estimated,Approved Google ML height 18.0m (coverage 88.7%) in absence of floor tags.
B07,303b78f1-b00b-4d54-b301-e871334fa9ac,,292.286,,,11.0,0.5813,approved,moderate,11.0,Google/ML-estimated,Approved Google ML height 11.0m (coverage 58.1%) in absence of floor tags.
B08,933a85f1-2236-4666-8fea-c4eea0b7037d,,356.917,,,12.0,0.7722,approved,moderate,12.0,Google/ML-estimated,Approved Google ML height 12.0m (coverage 77.2%) in absence of floor tags.
B09,81d49e29-8870-40a5-87b3-5ebd6155465d,,211.311,,,5.5,0.5142,approved,moderate,5.5,Google/ML-estimated,Approved Google ML height 5.5m (coverage 51.4%) in absence of floor tags.
B10,0a37c790-2a4e-4082-a53b-6db6a65d90d9,Barton Centre,1433.414,14,44.8,52.5,0.8624,approved,moderate,52.5,Google/ML-estimated,Approved Google ML height 52.5m (coverage 86.2%); corroborates source tag of 14 floors (44.8m).
B11,ae72700f-c10f-43ff-be9b-2dca6c64f824,,453.158,,,13.0,0.8024,approved,moderate,13.0,Google/ML-estimated,Approved Google ML height 13.0m (coverage 80.2%) in absence of floor tags.
B12,bbdcbacc-5e92-4a79-af41-70a064ce516f,Asha Enclave,261.671,,,13.5,0.8278,approved,moderate,13.5,Google/ML-estimated,Approved Google ML height 13.5m (coverage 82.8%) in absence of floor tags.
B13,a9a89544-142e-45af-9da3-a552a2d61655,,741.388,,,12.0,0.7806,approved,moderate,12.0,Google/ML-estimated,Approved Google ML height 12.0m (coverage 78.1%) in absence of floor tags.
B14,39e6e603-9eb3-4e74-85eb-1da56481f262,,244.586,7,22.4,21.0,0.8066,approved,moderate,21.0,Google/ML-estimated,Approved Google ML height 21.0m (coverage 80.7%); corroborates source tag of 7 floors (22.4m).
B15,3761c330-0bb5-4222-896f-7decce6ceb38,Brigade Gardens,1344.774,,,13.5,0.8611,approved,moderate,13.5,Google/ML-estimated,Approved Google ML height 13.5m (coverage 86.1%) in absence of floor tags.
B16,b64c8dc6-602c-447b-b05e-42ab0858ce59,,1547.784,3,9.6,10.5,0.8393,approved,moderate,10.5,Google/ML-estimated,Approved Google ML height 10.5m (coverage 83.9%); corroborates source tag of 3 floors (9.6m).
B17,2febf00f-3e1c-4efc-849a-3ad61176e04b,,365.054,3,9.6,16.0,0.2103,uncertain,high,16.0,Google/ML-estimated,"Discrepancy between floor tag (3 fl = 9.6m) and ML (16.0m, pix 21.0%). Adopted ML height 16.0m for shadow conservative analysis; marked uncertain with floor bounds [9.6m, 16.0m]."
B18,17e6e014-cdfd-4f9e-a8a7-de1a3b46dfae,Shrungar Shopping Center,394.981,4,12.8,15.5,0.7603,approved,moderate,15.5,Google/ML-estimated,Approved Google ML height 15.5m (coverage 76.0%); corroborates source tag of 4 floors (12.8m).
B19,3ebbedfa-d60f-4cba-95a1-a1fd3d766e8d,,395.971,2,6.4,,0.0,approved,high,6.4,floor-count-derived,Google ML estimate missing; approved floor-based height (2 floors x 3.2m = 6.4m).
B20,a619c0f2-f3fd-4fa1-a1da-994607bd9bbf,,152.68,,,7.0,0.7537,approved,moderate,7.0,Google/ML-estimated,Approved Google ML height 7.0m (coverage 75.4%) in absence of floor tags.
B21,210df0cd-d537-402e-a40b-04262339a436,,382.452,,,8.5,0.5288,approved,moderate,8.5,Google/ML-estimated,Approved Google ML height 8.5m (coverage 52.9%) in absence of floor tags.
B22,0b6594d3-332f-4d43-b874-d575e502be91,Raymonds,507.094,3,9.6,12.0,0.8693,approved,moderate,12.0,Google/ML-estimated,Approved Google ML height 12.0m (coverage 86.9%); corroborates source tag of 3 floors (9.6m).
B23,bb5dfffb-c9ea-482e-b3bd-45b374348aa6,,45.845,,,,0.0,uncertain,extreme,9.6,manual_canyon_median_fallback,Missing both ML estimate and floor count. Assigned 9.6m (3 floors commercial canyon median) as fallback candidate.
B24,01edc8ba-e07a-4453-b17f-25f1771d79a3,,140.946,5,16.0,12.5,0.8696,approved,moderate,12.5,Google/ML-estimated,Approved Google ML height 12.5m (coverage 87.0%); corroborates source tag of 5 floors (16.0m).
B25,5a04242f-b5b0-4f2a-8b9a-66a496613408,,144.681,,,13.0,0.8941,approved,moderate,13.0,Google/ML-estimated,Approved Google ML height 13.0m (coverage 89.4%) in absence of floor tags.
B26,4ed407a7-a8bd-4dbb-9244-25465b5c7235,,380.998,,,20.0,0.9351,approved,moderate,20.0,Google/ML-estimated,Approved Google ML height 20.0m (coverage 93.5%) in absence of floor tags.
B27,a4508836-4e70-4190-9644-1815380b7313,,15.267,,,12.0,1.0,approved,moderate,12.0,Google/ML-estimated,Approved Google ML height 12.0m (coverage 100.0%) in absence of floor tags.
B28,51affa39-675c-4110-8e37-257c1b3785e7,,115.058,2,6.4,10.0,0.9478,approved,moderate,10.0,Google/ML-estimated,Approved Google ML height 10.0m (coverage 94.8%); corroborates source tag of 2 floors (6.4m).
B29,3acc0505-729f-4947-9f7e-2f4f4b4bc079,,146.43,,,19.0,0.7347,approved,moderate,19.0,Google/ML-estimated,Approved Google ML height 19.0m (coverage 73.5%) in absence of floor tags.
B30,a277aeb6-f951-49a4-8f4f-198b9d37ac65,,480.262,,,10.5,0.8678,approved,moderate,10.5,Google/ML-estimated,Approved Google ML height 10.5m (coverage 86.8%) in absence of floor tags.
B31,6cb2f4e3-1fe0-4062-8e51-4618f8fb4c8d,,286.965,,,4.5,0.3118,uncertain,high,4.5,Google/ML-estimated,Low ML pixel coverage (31.2%) with no floor record. Adopted ML height 4.5m marked uncertain.
B32,624e83ef-7035-4668-9384-d2de83dfb2f5,,130.644,,,,0.0,uncertain,extreme,9.6,manual_canyon_median_fallback,Missing both ML estimate and floor count. Assigned 9.6m (3 floors commercial canyon median) as fallback candidate.
B33,bb6cee37-57ec-4ca0-b65d-11fa268d0181,,297.973,2,6.4,11.0,0.9286,approved,moderate,11.0,Google/ML-estimated,Approved Google ML height 11.0m (coverage 92.9%); corroborates source tag of 2 floors (6.4m).
B34,4fa4c63f-4645-4b1e-8707-4ea7dfcf2810,Higginbotham's,419.848,2,6.4,6.5,0.6546,approved,moderate,6.5,Google/ML-estimated,Approved Google ML height 6.5m (coverage 65.5%); corroborates source tag of 2 floors (6.4m).
B35,7da194cd-6a51-4dd4-9938-6be00166fbd5,,592.531,5,16.0,15.5,0.8811,approved,moderate,15.5,Google/ML-estimated,Approved Google ML height 15.5m (coverage 88.1%); corroborates source tag of 5 floors (16.0m).
B36,c52bd3e7-0ae4-4695-9fab-f93329a865b3,,172.062,2,6.4,,0.0,approved,high,6.4,floor-count-derived,Google ML estimate missing; approved floor-based height (2 floors x 3.2m = 6.4m).
B37,939b1ff4-2f63-4ac4-a57f-9971000e6882,,330.608,5,16.0,8.0,0.8513,uncertain,high,8.0,Google/ML-estimated,"Discrepancy between floor tag (5 fl = 16.0m) and ML (8.0m, pix 85.1%). Adopted ML height 8.0m for shadow conservative analysis; marked uncertain with floor bounds [16.0m, 8.0m]."
