building_id,is_core,height_m,status,uncertainty_flag,method,num_vertices,num_triangles,footprint_area_m2,roof_area_m2,total_surface_area_m2,area_discrepancy_m2,xmin,xmax,ymin,ymax,zmin,zmax
ef5d616d-eab5-4d91-8ed5-af5fbbff9a09,True,19.0,APPROVED,MODERATE,core_approved_table,8,12,595.4,595.4,3049.66,0.0,-16.72,14.25,7.36,35.81,0.0,19.0
65d0175e-5fe0-42de-a955-fff258f4c6c8,True,18.5,UNCERTAIN,HIGH,core_approved_table,8,12,933.21,933.21,4204.12,0.0,-6.15,24.03,37.96,82.67,0.0,18.5
963df15f-19f2-47fd-914d-7b80db9d335f,True,2.5,UNCERTAIN,HIGH,core_approved_table,8,12,57.44,57.44,199.99,0.0,9.73,15.37,-9.52,3.2,0.0,2.5
ed8377d2-272f-43cc-821b-49fc34e87a99,True,18.0,APPROVED,MODERATE,core_approved_table,20,36,1719.79,1719.79,7218.6,0.0,-16.12,40.8,95.54,151.09,0.0,18.0
30a23f8d-824e-4820-83c1-022fc18d55ca,True,7.5,APPROVED,MODERATE,core_approved_table,8,12,128.7,128.7,602.07,0.0,37.54,52.75,87.52,100.0,0.0,7.5
726d166e-edae-4ba0-bf15-14f5331634ce,True,18.0,APPROVED,MODERATE,core_approved_table,8,12,1160.18,1160.18,4774.28,0.0,31.23,71.75,22.95,65.08,0.0,18.0
303b78f1-b00b-4d54-b301-e871334fa9ac,True,11.0,APPROVED,MODERATE,core_approved_table,8,12,292.29,292.29,1498.01,0.0,39.71,73.47,57.83,74.23,0.0,11.0
933a85f1-2236-4666-8fea-c4eea0b7037d,True,12.0,APPROVED,MODERATE,core_approved_table,32,60,356.92,356.92,1806.69,0.0,50.06,75.57,-21.58,2.89,0.0,12.0
81d49e29-8870-40a5-87b3-5ebd6155465d,True,5.5,APPROVED,MODERATE,core_approved_table,8,12,211.31,211.31,746.5,0.0,61.73,81.62,0.8,17.47,0.0,5.5
0a37c790-2a4e-4082-a53b-6db6a65d90d9,True,52.5,APPROVED,MODERATE,core_approved_table,40,76,1433.41,1433.41,11749.47,0.0,47.03,93.63,89.42,136.86,0.0,52.5
ae72700f-c10f-43ff-be9b-2dca6c64f824,True,13.0,APPROVED,MODERATE,core_approved_table,20,36,453.16,453.16,2066.15,0.0,66.59,90.26,16.96,46.07,0.0,13.0
bbdcbacc-5e92-4a79-af41-70a064ce516f,True,13.5,APPROVED,MODERATE,core_approved_table,8,12,261.67,261.67,1396.9,0.0,76.62,95.98,44.6,64.12,0.0,13.5
a9a89544-142e-45af-9da3-a552a2d61655,True,12.0,APPROVED,MODERATE,core_approved_table,8,12,808.63,808.63,2996.42,0.0,79.66,118.79,-28.82,5.06,0.0,12.0
39e6e603-9eb3-4e74-85eb-1da56481f262,True,21.0,APPROVED,MODERATE,core_approved_table,8,12,244.59,244.59,1958.38,0.0,94.28,111.03,121.3,148.0,0.0,21.0
3761c330-0bb5-4222-896f-7decce6ceb38,True,13.5,APPROVED,MODERATE,core_approved_table,10,16,1344.77,1344.77,4676.97,0.0,88.41,132.42,3.67,51.67,0.0,13.5
b64c8dc6-602c-447b-b05e-42ab0858ce59,True,10.5,APPROVED,MODERATE,core_approved_table,16,28,1547.78,1547.78,5868.36,0.0,90.58,156.74,64.74,122.41,0.0,10.5
2febf00f-3e1c-4efc-849a-3ad61176e04b,True,16.0,UNCERTAIN,HIGH,core_approved_table,12,20,365.05,365.05,1979.29,0.0,111.76,134.02,118.84,144.14,0.0,16.0
17e6e014-cdfd-4f9e-a8a7-de1a3b46dfae,True,15.5,APPROVED,MODERATE,core_approved_table,38,72,394.98,394.98,1887.0,0.0,114.44,137.03,90.85,113.33,0.0,15.5
3ebbedfa-d60f-4cba-95a1-a1fd3d766e8d,True,6.4,APPROVED,HIGH,core_approved_table,14,24,395.97,395.97,1417.99,0.0,119.99,140.38,-29.11,6.49,0.0,6.4
a619c0f2-f3fd-4fa1-a1da-994607bd9bbf,True,7.0,APPROVED,MODERATE,core_approved_table,8,12,152.68,152.68,653.47,0.0,141.29,157.42,24.09,38.19,0.0,7.0
210df0cd-d537-402e-a40b-04262339a436,True,8.5,APPROVED,MODERATE,core_approved_table,8,12,382.45,382.45,1444.94,0.0,135.84,163.75,-18.95,3.43,0.0,8.5
0b6594d3-332f-4d43-b874-d575e502be91,True,12.0,APPROVED,MODERATE,core_approved_table,10,16,507.09,507.09,2090.93,0.0,135.42,162.88,111.12,138.18,0.0,12.0
bb5dfffb-c9ea-482e-b3bd-45b374348aa6,True,9.6,UNCERTAIN,EXTREME,core_approved_table,8,12,45.85,45.85,367.98,0.0,150.5,158.1,9.2,19.85,0.0,9.6
01edc8ba-e07a-4453-b17f-25f1771d79a3,True,12.5,APPROVED,MODERATE,core_approved_table,8,12,140.95,140.95,882.67,0.0,146.7,162.66,34.69,47.94,0.0,12.5
5a04242f-b5b0-4f2a-8b9a-66a496613408,True,13.0,APPROVED,MODERATE,core_approved_table,8,12,144.68,144.68,938.33,0.0,149.24,161.92,79.88,97.4,0.0,13.0
4ed407a7-a8bd-4dbb-9244-25465b5c7235,True,20.0,APPROVED,MODERATE,core_approved_table,10,16,381.0,381.0,2324.19,0.0,144.7,168.77,58.89,82.05,0.0,20.0
a4508836-4e70-4190-9644-1815380b7313,True,12.0,APPROVED,MODERATE,core_approved_table,8,12,15.27,15.27,218.98,0.0,156.83,161.41,102.85,107.96,0.0,12.0
51affa39-675c-4110-8e37-257c1b3785e7,True,10.0,APPROVED,MODERATE,core_approved_table,8,12,115.06,115.06,781.08,0.0,157.73,168.32,110.71,133.68,0.0,10.0
3acc0505-729f-4947-9f7e-2f4f4b4bc079,True,19.0,APPROVED,MODERATE,core_approved_table,10,16,146.43,146.43,1488.17,0.0,164.22,174.78,57.25,83.85,0.0,19.0
a277aeb6-f951-49a4-8f4f-198b9d37ac65,True,10.5,APPROVED,MODERATE,core_approved_table,12,20,480.26,480.26,2020.96,0.0,161.02,190.04,91.7,122.04,0.0,10.5
6cb2f4e3-1fe0-4062-8e51-4618f8fb4c8d,True,4.5,UNCERTAIN,HIGH,core_approved_table,8,12,286.97,286.97,881.02,0.0,167.9,187.15,15.19,37.32,0.0,4.5
624e83ef-7035-4668-9384-d2de83dfb2f5,True,9.6,UNCERTAIN,EXTREME,core_approved_table,8,12,130.64,130.64,775.92,0.0,173.83,183.38,64.55,85.71,0.0,9.6
bb6cee37-57ec-4ca0-b65d-11fa268d0181,True,11.0,APPROVED,MODERATE,core_approved_table,12,20,297.97,297.97,1456.67,0.0,166.1,196.62,114.98,132.57,0.0,11.0
4fa4c63f-4645-4b1e-8707-4ea7dfcf2810,True,6.5,APPROVED,MODERATE,core_approved_table,8,12,483.17,483.17,1579.35,0.0,192.45,215.42,88.57,123.46,0.0,6.5
7da194cd-6a51-4dd4-9938-6be00166fbd5,True,15.5,APPROVED,MODERATE,core_approved_table,16,28,592.53,592.53,3096.19,0.0,199.89,225.05,52.77,101.46,0.0,15.5
c52bd3e7-0ae4-4695-9fab-f93329a865b3,True,6.4,APPROVED,HIGH,core_approved_table,8,12,172.06,172.06,693.19,0.0,213.34,227.05,47.92,67.09,0.0,6.4
939b1ff4-2f63-4ac4-a57f-9971000e6882,True,8.0,UNCERTAIN,HIGH,core_approved_table,8,12,330.61,330.61,1251.05,0.0,214.19,238.82,99.35,119.53,0.0,8.0
2fbfd93c-704f-4403-9c04-45cfc477cbd8,False,9.0,ACCEPTED,MODERATE,google_ml_estimate,12,20,608.04,608.04,2311.07,0.0,-101.43,-51.87,168.58,190.77,0.0,9.0
aa6369b5-6c67-419a-8b97-1024834a83b6,False,4.5,ACCEPTED,HIGH,google_ml_estimate,26,48,2780.1,2780.1,9151.38,0.0,-197.7,185.88,157.13,252.04,0.0,4.5
21e7ac98-724a-48a1-bd8e-86527a0ab7d2,False,9.6,UNCERTAIN,EXTREME,commercial_canyon_fallback,8,12,32.91,32.91,291.62,0.0,21.2,29.15,196.46,202.58,0.0,9.6
1570d613-60ea-41d2-9b3c-28e670d8979a,False,9.6,UNCERTAIN,EXTREME,commercial_canyon_fallback,8,12,82.95,82.95,524.6,0.0,148.32,161.39,196.29,206.66,0.0,9.6
dc959d1e-bdeb-4c62-bf8d-e29e387e9d20,False,9.6,UNCERTAIN,EXTREME,commercial_canyon_fallback,8,12,45.57,45.57,375.66,0.0,167.74,179.0,194.71,201.8,0.0,9.6
9694ab17-7e0a-462b-8090-826a851802db,False,9.6,UNCERTAIN,EXTREME,commercial_canyon_fallback,8,12,190.23,190.23,927.56,0.0,183.0,202.96,187.36,202.26,0.0,9.6
96d01673-f77a-415d-8cfa-631b0b2283f2,False,13.0,ACCEPTED,HIGH,google_ml_estimate,8,12,318.95,318.95,1612.22,0.0,285.57,303.8,72.77,99.45,0.0,13.0
3875bd17-9ce5-4f7b-b750-a5cd2be4cac8,False,11.0,ACCEPTED,HIGH,google_ml_estimate,42,80,1293.73,1293.73,4237.06,0.0,266.49,316.43,29.79,67.16,0.0,11.0
c9093240-9e65-45f5-a0e4-cc2cfafc3a14,False,15.0,ACCEPTED,MODERATE,google_ml_estimate,8,12,290.33,290.33,1678.46,0.0,290.42,307.1,-28.79,-1.95,0.0,15.0
bfb1773e-af9f-42c7-afe7-540b0fdf7093,False,8.0,ACCEPTED,MODERATE,google_ml_estimate,8,12,92.12,92.12,503.71,0.0,292.22,302.36,-58.47,-44.37,0.0,8.0
accc0636-00f2-45c3-ab9c-5ae6b7eefb60,False,8.0,ACCEPTED,MODERATE,google_ml_estimate,8,12,200.21,200.21,863.78,0.0,285.98,300.18,-89.43,-70.23,0.0,8.0
9bf996a2-2165-4d41-9b9e-d357ab3c3b07,False,7.5,ACCEPTED,MODERATE,google_ml_estimate,8,12,708.1,708.1,2233.53,0.0,49.83,78.24,-79.41,-42.38,0.0,7.5
77155ad2-475a-4037-9eec-e47f08114800,False,4.5,ACCEPTED,MODERATE,google_ml_estimate,8,12,131.28,131.28,480.45,0.0,40.42,51.72,-71.96,-54.63,0.0,4.5
4732de74-5269-4b2f-92a9-ca856d5a3785,False,6.0,ACCEPTED,MODERATE,google_ml_estimate,8,12,86.26,86.26,398.98,0.0,28.89,38.88,-64.51,-52.01,0.0,6.0
bbe68b3b-0ab2-41de-ae3c-cc305000f07c,False,6.0,ACCEPTED,MODERATE,google_ml_estimate,8,12,157.54,157.54,619.82,0.0,32.07,48.64,-49.78,-36.21,0.0,6.0
48bcceb8-6c80-4ef3-bdf1-9de0660cc20e,False,6.0,ACCEPTED,MODERATE,google_ml_estimate,8,12,110.21,110.21,472.63,0.0,45.14,57.71,-39.44,-27.67,0.0,6.0
2b8a538c-b9a3-44ab-a8fa-1d6c7799459c,False,4.0,ACCEPTED,HIGH,google_ml_estimate,12,20,131.94,131.94,481.58,0.0,62.89,74.62,-43.08,-22.93,0.0,4.0
7f252566-d31e-4758-bf3d-5a372705f643,False,1.5,ACCEPTED,HIGH,google_ml_estimate,8,12,329.17,329.17,768.33,0.0,137.74,162.59,-37.73,-16.31,0.0,1.5
674b4ecc-11dc-461f-a374-ff65566e6af2,False,4.0,ACCEPTED,HIGH,google_ml_estimate,8,12,35.37,35.37,165.96,0.0,142.83,149.01,-68.79,-62.18,0.0,4.0
4e439487-1fbb-44d0-b045-6a4f8a9c01ce,False,4.0,ACCEPTED,HIGH,google_ml_estimate,8,12,27.8,27.8,140.13,0.0,135.95,141.22,-67.28,-61.39,0.0,4.0
b24c1d65-75a6-40dd-97cc-31f9aff99b4f,False,3.5,ACCEPTED,HIGH,google_ml_estimate,8,12,23.11,23.11,114.04,0.0,131.56,136.01,-67.14,-61.54,0.0,3.5
52b61569-1aab-4dbd-99bd-6de08bb90edf,False,5.5,ACCEPTED,MODERATE,google_ml_estimate,12,20,231.76,231.76,847.96,0.0,123.01,142.52,-58.22,-42.03,0.0,5.5
e82b59fc-1991-4285-913f-aa35a20a76b2,False,4.0,ACCEPTED,MODERATE,google_ml_estimate,8,12,17.66,17.66,103.69,0.0,125.06,128.75,-47.09,-41.9,0.0,4.0
d2726f48-1429-4cb0-8e53-6d336104b13f,False,7.5,ACCEPTED,HIGH,google_ml_estimate,8,12,157.04,157.04,690.04,0.0,104.88,119.99,-60.18,-45.18,0.0,7.5
e2572407-f720-4e69-a33e-49cc189540a1,False,9.6,UNCERTAIN,EXTREME,commercial_canyon_fallback,16,28,60.0,60.0,482.28,0.0,121.63,131.6,-71.47,-60.84,0.0,9.6
75d6312f-62f2-40e4-a1c7-ca78a968ae26,False,8.5,ACCEPTED,MODERATE,google_ml_estimate,8,12,545.39,545.39,1917.58,0.0,90.83,114.15,-104.68,-70.79,0.0,8.5
d4b016ed-3436-490e-9825-580082fe3b46,False,5.0,ACCEPTED,HIGH,google_ml_estimate,8,12,27.68,27.68,171.5,0.0,130.68,139.0,-72.66,-69.19,0.0,5.0
c46fb814-676c-4758-a620-3381612d5926,False,5.5,ACCEPTED,MODERATE,google_ml_estimate,8,12,119.15,119.15,497.17,0.0,153.99,162.19,-83.54,-67.03,0.0,5.5
2c1a0f60-5a91-4a67-8a7e-1ec1f29d7324,False,5.0,ACCEPTED,MODERATE,google_ml_estimate,8,12,182.41,182.41,644.84,0.0,159.27,174.35,-48.35,-28.44,0.0,5.0
1a8fc2fa-1d75-4ad7-9ef0-fce4c11a7c56,False,13.0,ACCEPTED,MODERATE,google_ml_estimate,8,12,399.51,399.51,1863.29,0.0,228.26,249.94,-83.38,-55.38,0.0,13.0
0c981778-0213-462a-9cec-39375fe9c338,False,10.5,ACCEPTED,MODERATE,google_ml_estimate,8,12,254.89,254.89,1244.72,0.0,244.99,263.1,-87.39,-60.72,0.0,10.5
94d9c932-53e4-41e1-9912-90d46bf91ec9,False,9.0,ACCEPTED,MODERATE,google_ml_estimate,12,20,109.24,109.24,603.51,0.0,276.27,287.12,-85.25,-71.19,0.0,9.0
7cd771f6-1db0-485b-95ea-5ad241632d3b,False,11.0,ACCEPTED,MODERATE,google_ml_estimate,16,28,371.41,371.41,1709.11,0.0,256.38,278.58,-92.69,-65.82,0.0,11.0
d802b242-0323-4154-941f-ac399704e177,False,9.6,UNCERTAIN,EXTREME,commercial_canyon_fallback,8,12,48.14,48.14,446.87,0.0,276.88,292.28,-67.19,-61.02,0.0,9.6
3e4f51ab-3242-4266-bf2a-94fe40821813,False,9.5,ACCEPTED,MODERATE,google_ml_estimate,8,12,160.34,160.34,815.36,0.0,281.5,295.13,-56.33,-38.35,0.0,9.5
ae6521a0-b859-465b-8b0b-293c5b2537d5,False,6.0,ACCEPTED,MODERATE,google_ml_estimate,8,12,541.96,541.96,1644.48,0.0,254.65,281.63,-54.28,-24.63,0.0,6.0
3ec2d212-26df-47ac-98e2-cc5f600de59f,False,9.0,ACCEPTED,MODERATE,google_ml_estimate,8,12,237.92,237.92,1129.51,0.0,230.93,246.01,-46.06,-17.1,0.0,9.0
7f2a33e0-40a9-4392-8afe-0d1d07303edf,False,9.0,ACCEPTED,MODERATE,google_ml_estimate,8,12,310.2,310.2,1294.25,0.0,241.1,259.21,-45.58,-18.3,0.0,9.0
3b930c7d-4ccd-48ff-b5a0-fb4c95648890,False,14.0,ACCEPTED,MODERATE,google_ml_estimate,12,20,865.21,865.21,3443.74,0.0,267.14,298.2,-27.6,15.58,0.0,14.0
848cfde9-952e-4e62-99de-d2c5015d3be2,False,12.5,ACCEPTED,MODERATE,google_ml_estimate,8,12,808.48,808.48,3088.34,0.0,237.86,268.92,-17.3,24.16,0.0,12.5
0431ea35-97d6-4cec-8352-3c466cc86ce6,False,5.5,ACCEPTED,MODERATE,google_ml_estimate,8,12,369.91,369.91,1184.04,0.0,193.32,222.26,-24.27,-4.46,0.0,5.5
a31b12ed-f8cb-43d1-972a-f1aac8549842,False,9.6,UNCERTAIN,EXTREME,commercial_canyon_fallback,8,12,62.54,62.54,431.57,0.0,225.32,232.85,44.1,53.62,0.0,9.6
ab6e6a51-0ceb-4284-b9ce-353bc043e1e3,False,6.0,ACCEPTED,HIGH,google_ml_estimate,12,20,83.65,83.65,408.05,0.0,240.84,249.72,40.12,54.79,0.0,6.0
b44551eb-568e-4040-9409-7c5140ba6c08,False,7.5,ACCEPTED,HIGH,google_ml_estimate,8,12,116.55,116.55,559.13,0.0,247.46,259.33,37.74,51.53,0.0,7.5
13ac065a-2986-4d33-aa5c-1143c8c32e61,False,7.0,ACCEPTED,HIGH,google_ml_estimate,8,12,72.65,72.65,409.6,0.0,257.34,265.33,36.86,51.14,0.0,7.0
9dd84594-3128-4f9a-b1f1-390fd2fce74e,False,9.5,ACCEPTED,MODERATE,google_ml_estimate,8,12,208.37,208.37,965.59,0.0,252.08,268.81,51.4,68.84,0.0,9.5
e7086d18-fe92-4a75-8656-14045fb439ae,False,9.0,ACCEPTED,MODERATE,google_ml_estimate,10,16,498.69,498.69,1899.0,0.0,253.03,274.88,69.18,107.69,0.0,9.0
5fe532b7-e1a9-43e5-b80c-4e6bf8374146,False,13.0,ACCEPTED,MODERATE,google_ml_estimate,10,16,205.45,205.45,1264.29,0.0,277.36,291.06,75.67,101.31,0.0,13.0
f0473ba8-c911-447d-bd83-9c3a1ce93233,False,9.0,ACCEPTED,MODERATE,google_ml_estimate,8,12,162.28,162.28,830.21,0.0,270.43,282.84,81.86,103.12,0.0,9.0
b59869b7-e4fd-4f68-8f53-fa6606fd890a,False,13.5,ACCEPTED,MODERATE,google_ml_estimate,18,32,1103.73,1103.73,4132.92,0.0,227.47,260.86,57.55,110.03,0.0,13.5
ce66601a-ca65-47d4-9de0-1d637b39e3b4,False,15.0,ACCEPTED,MODERATE,google_ml_estimate,10,16,227.07,227.07,1396.81,0.0,244.42,260.13,106.1,128.29,0.0,15.0
e8efc906-827f-4bce-9886-3838830ad8d1,False,12.0,ACCEPTED,MODERATE,google_ml_estimate,16,28,4938.38,4938.38,14357.29,0.0,180.98,339.09,108.71,175.39,0.0,12.0
6e0f585f-000f-4f69-98ec-4bb662238faa,False,9.6,UNCERTAIN,EXTREME,commercial_canyon_fallback,8,12,12.62,12.62,165.88,0.0,158.02,162.85,171.53,174.79,0.0,9.6
d05978f4-0be3-40d8-8cfb-fbf753213b4f,False,9.6,UNCERTAIN,EXTREME,commercial_canyon_fallback,8,12,46.01,46.01,358.68,0.0,86.76,94.17,137.19,146.71,0.0,9.6
e7d2ee4e-cb50-4c70-b731-46ba9119a942,False,13.0,ACCEPTED,HIGH,google_ml_estimate,8,12,26.35,26.35,324.65,0.0,81.84,87.51,136.76,143.86,0.0,13.0
0f882c34-cee9-49a0-b815-e53c57dabf68,False,19.0,ACCEPTED,HIGH,google_ml_estimate,8,12,147.63,147.63,1219.55,0.0,49.98,64.34,140.72,155.79,0.0,19.0
a6548d0a-b337-4e42-883d-0421f4626058,False,15.5,ACCEPTED,HIGH,google_ml_estimate,8,12,507.1,507.1,2467.73,0.0,11.7,44.88,143.96,167.52,0.0,15.5
6cfcea3e-d007-400f-aa33-5007b01676b9,False,35.0,ACCEPTED,HIGH,google_ml_estimate,8,12,401.05,401.05,3607.94,0.0,-13.95,10.61,146.59,169.89,0.0,35.0
6dd055bc-153e-4b64-a89f-5abe740000a7,False,8.0,ACCEPTED,MODERATE,google_ml_estimate,8,12,187.68,187.68,830.11,0.0,-15.37,4.49,136.0,150.1,0.0,8.0
84951d84-22c5-4b2f-bcfc-ea20aef417a8,False,20.0,ACCEPTED,MODERATE,google_ml_estimate,24,44,1200.81,1200.81,5603.04,0.0,-108.77,-57.45,131.46,168.84,0.0,20.0
271c0481-7f53-46a8-b9af-8b2b976ff134,False,8.5,ACCEPTED,HIGH,google_ml_estimate,8,12,178.29,178.29,820.54,0.0,-87.1,-72.43,116.79,135.44,0.0,8.5
f8189f1a-d23e-42c7-94b1-8a27a3af94ff,False,10.5,ACCEPTED,HIGH,google_ml_estimate,8,12,217.66,217.66,1058.16,0.0,-74.39,-57.4,113.41,132.5,0.0,10.5
00353717-5a82-4398-bec4-caaec5a68a7a,False,11.0,ACCEPTED,MODERATE,google_ml_estimate,8,12,269.2,269.2,1284.91,0.0,-50.8,-35.13,69.75,92.66,0.0,11.0
2e3d5556-456b-4721-9909-3a277221234d,False,9.0,ACCEPTED,MODERATE,google_ml_estimate,8,12,266.98,266.98,1149.31,0.0,-63.85,-47.88,72.02,95.95,0.0,9.0
68c9c321-4cca-47ae-a88b-2fd3d5322011,False,8.0,ACCEPTED,MODERATE,google_ml_estimate,8,12,149.38,149.38,727.43,0.0,-80.59,-68.9,79.48,99.58,0.0,8.0
661e1603-1d8b-4604-8ee4-40419faf2248,False,8.0,ACCEPTED,MODERATE,google_ml_estimate,14,24,425.4,425.4,1745.76,0.0,-84.41,-60.28,57.21,97.94,0.0,8.0
e56d1886-0152-4178-b30f-f8917227c717,False,5.5,ACCEPTED,MODERATE,google_ml_estimate,20,36,419.21,419.21,1348.89,0.0,-77.01,-44.41,39.79,54.56,0.0,5.5
c67f3ab1-bf8e-432d-80cc-60560b9584ca,False,8.0,ACCEPTED,MODERATE,google_ml_estimate,8,12,222.03,222.03,922.69,0.0,-57.31,-39.07,51.92,67.98,0.0,8.0
f2c93ce0-61dd-44f1-84c8-f9758dc235ed,False,6.5,ACCEPTED,MODERATE,google_ml_estimate,16,28,275.91,275.91,1017.72,0.0,-29.0,-12.24,41.79,64.02,0.0,6.5
539d7422-aef4-469c-a965-f0aa7fb7bd8d,False,6.0,ACCEPTED,HIGH,google_ml_estimate,8,12,142.89,142.89,591.28,0.0,-21.75,-11.08,67.58,85.67,0.0,6.0
bc1f849d-1a35-4ce1-90a6-8aacb167ee39,False,7.5,ACCEPTED,MODERATE,google_ml_estimate,8,12,216.28,216.28,898.34,0.0,-31.46,-16.55,14.7,37.02,0.0,7.5
4c9f7fdb-f180-4126-b49b-e7b28765737d,False,4.0,ACCEPTED,HIGH,google_ml_estimate,8,12,28.34,28.34,151.35,0.0,-31.21,-27.88,2.02,10.52,0.0,4.0
d4d722ff-30c0-485b-940d-d90820f04fc6,False,6.5,ACCEPTED,MODERATE,google_ml_estimate,8,12,307.04,307.04,1074.12,0.0,-26.65,-2.03,-28.76,-3.58,0.0,6.5
b0565044-cf8a-4295-ac8a-78ca571c32ee,False,5.0,ACCEPTED,MODERATE,google_ml_estimate,8,12,57.35,57.35,266.28,0.0,-31.51,-23.99,-9.25,-1.11,0.0,5.0
c3a51366-ad61-40f8-909e-c72d3f699092,False,4.5,ACCEPTED,MODERATE,google_ml_estimate,16,28,90.79,90.79,387.82,0.0,-6.76,0.25,-38.63,-21.88,0.0,4.5
095f309c-d0f2-47f7-bbdf-5469e94bcc80,False,6.0,ACCEPTED,MODERATE,google_ml_estimate,8,12,124.77,124.77,517.7,0.0,-0.42,11.19,-22.95,-11.85,0.0,6.0
c8094181-bcb4-455f-9c93-ad93c0a6e20b,False,5.0,ACCEPTED,HIGH,google_ml_estimate,8,12,125.15,125.15,478.82,0.0,21.91,31.06,-26.54,-12.76,0.0,5.0
53582359-2502-4195-b8ab-ce12f4c28961,False,6.0,ACCEPTED,MODERATE,google_ml_estimate,8,12,259.36,259.36,906.85,0.0,6.69,21.57,-41.7,-23.9,0.0,6.0
1ce23b26-a7cb-4e98-a5cb-bf03f9d4986a,False,10.0,ACCEPTED,MODERATE,google_ml_estimate,8,12,557.44,557.44,2059.32,0.0,-30.21,-4.75,-92.21,-66.48,0.0,10.0
7d827240-f61e-411d-a9d9-b04f9e3a5be4,False,6.0,ACCEPTED,MODERATE,google_ml_estimate,8,12,132.46,132.46,541.15,0.0,-32.77,-20.35,-65.88,-53.24,0.0,6.0
c5bc75ca-d1a0-48db-8741-b993b1b07099,False,9.0,ACCEPTED,MODERATE,google_ml_estimate,8,12,206.31,206.31,991.21,0.0,-62.76,-39.24,-54.86,-40.76,0.0,9.0
6df2ba37-25ad-404c-a968-f7b2bc783f25,False,10.5,ACCEPTED,MODERATE,google_ml_estimate,16,28,2105.73,2105.73,6468.66,0.0,-78.61,-31.33,-125.37,-59.06,0.0,10.5
5522bab2-82ea-45fc-b26a-5dbc05a632cd,False,6.0,ACCEPTED,MODERATE,google_ml_estimate,8,12,138.99,138.99,571.92,0.0,-85.1,-67.99,-60.24,-48.25,0.0,6.0
80e70298-7b08-4f0d-8fbb-6b562bf4b697,False,6.5,ACCEPTED,MODERATE,google_ml_estimate,12,20,422.36,422.36,1390.49,0.0,-86.55,-63.08,-13.0,10.59,0.0,6.5
0252fd24-0fef-4934-805e-fa9aef8485cb,False,9.0,ACCEPTED,MODERATE,google_ml_estimate,8,12,875.02,875.02,2828.35,0.0,-77.15,-38.14,-44.76,-13.22,0.0,9.0
543acbcb-fc66-4b0f-b226-21704c35c844,False,7.5,ACCEPTED,MODERATE,google_ml_estimate,8,12,447.72,447.72,1578.0,0.0,-77.93,-46.57,22.7,37.6,0.0,7.5
