candidate_id,iteration,method,is_feasible,rejection_reason,total_panel_area_m2,objective_value,x1,y1,length1,width1,height1,heading1,albedo1,area1_m2,x2,y2,length2,width2,height2,heading2,albedo2,area2_m2,mean_utci_c,p90_utci_c,max_utci_c,mean_tmrt_c,delta_mean_utci_c,thermal_improvement_utci_c,peak_local_tmrt_improvement_k,pct_improved_cells,pct_comfortable_cells,estimated_construction_cost_usd,affected_cells,recomputed_cells,reused_cells,overlap_cells,union_cells,gpu_kernel_time_ms,total_runtime_s,certificate_status,certificate_violations,max_certificate_bound_k,surrogate_pred_obj,surrogate_uncertainty,acquisition_strategy
CAND_0000_RAND,0,random_baseline,False,OUT_OF_BOUNDS,56.960084206071855,,147.74359268811682,67.95423776288493,5.3612646626813,3.972216878563959,3.2142341676964468,104.40004362033753,0.562910087003408,21.296105983551172,148.30148539621462,56.68853817554823,10.437804638287606,3.4168083671253315,3.5270575218639393,100.7029432449378,0.3618856506922037,35.66397822252068,,,,,,,,,,,,,,,,,0.0,,,,,,uniform_random
CAND_0001_RAND,1,random_baseline,False,OUT_OF_BOUNDS,40.64276688553797,,114.00791669723374,67.91773416927947,5.0565078694407015,2.0091570620882333,3.7502181624709694,111.07826249153442,0.8059150061833247,10.159318495391512,146.13911503927773,62.9384711134503,11.418002048432081,2.6697707935980306,3.0538720833588298,107.07405651206054,0.2062524837023724,30.483448390146457,,,,,,,,,,,,,,,,,0.0,,,,,,uniform_random
CAND_0002_RAND,2,random_baseline,False,OUT_OF_BOUNDS,57.69832559844245,,122.61783377264899,67.57620024175908,11.062017313782487,3.0793533595456317,3.2238727748432723,99.42135935461991,0.7503551359730658,34.06386017854805,133.61235470567755,55.775030775401326,11.72303399405946,2.0160707059171674,2.891048628174418,93.42534526848071,0.3606432551607369,23.634465419894404,,,,,,,,,,,,,,,,,0.0,,,,,,uniform_random
CAND_0003_RAND,3,random_baseline,False,EXCEEDS_MAX_DIMENSIONS,57.986627133664875,,125.61061656682045,65.05972657917171,7.270007167467762,2.425056920212436,4.4750519947982035,93.89124983856348,0.41578340772650113,17.63018119146171,152.78144353190606,60.9310742915458,9.010875104313621,4.478637809870877,4.49793086162922,97.0542803845952,0.4316459689675223,40.356445942203166,,,,,,,,,,,,,,,,,0.0,,,,,,uniform_random
CAND_0004_RAND,4,random_baseline,False,OUT_OF_BOUNDS,58.35946332513688,,129.57262862355583,58.932027702661756,4.701925966037856,3.934018280799978,2.9179775547092435,100.25279513172714,0.37251744857562374,18.497462705361023,130.03030506348938,66.51637733075768,10.905102973093712,3.655352977237156,3.986922774395066,102.55308282218122,0.3264599747226419,39.862000619775856,,,,,,,,,,,,,,,,,0.0,,,,,,uniform_random
CAND_0005_RAND,5,random_baseline,False,OUT_OF_BOUNDS,49.27744767949635,,116.20774411729447,67.84471082020563,6.775255600585369,3.6644734029096746,4.459986350839991,99.05637685533411,0.4967351275773827,24.827743946259897,132.92392135066797,63.38008525681953,9.988541876805545,2.4477750641473768,3.0011995220437955,94.7088023275545,0.23693449935533728,24.449703733236454,,,,,,,,,,,,,,,,,0.0,,,,,,uniform_random
CAND_0006_RAND,6,random_baseline,True,,41.29555353702113,57.10473486958368,110.8392887928543,61.712121071755746,5.078806555639541,3.7086720300590765,3.314790383891339,103.23595317416732,0.7344782356998509,18.83562781898104,126.92408944605022,58.78521752633979,6.160975437530868,3.6455145692061617,4.325347054531452,95.19344911455597,0.6329810878535296,22.459925718040086,36.46586826347305,36.8,37.7,45.70122727060212,-0.024700598802404272,0.024700598802404272,12.809678634331647,1.6467065868263475,0.0,20323.888384255282,77,502,27618,0,77,0.0,0.06358739999996033,certified,0,45.00288228607326,,,uniform_random
CAND_0007_RAND,7,random_baseline,False,EXCEEDS_TOTAL_AREA,63.07559351138242,,124.97674457648924,60.78144918710904,10.94339152514349,2.1203253609794768,3.870437396909816,90.60056317808225,0.6155997112205368,23.203550585889616,131.44489691340874,56.718459631934664,9.156391775597488,4.3545584224295615,3.3058938028824074,93.7899553254373,0.6149838141518427,39.872042925492806,,,,,,,,,,,,,,,,,0.0,,,,,,uniform_random
CAND_0008_RAND,8,random_baseline,False,EXCEEDS_TOTAL_AREA,73.45080985805285,,116.75555910388913,71.83711616178871,10.99247814741683,3.7268223587458773,3.0892662744089208,107.69061769536802,0.8198805848846,40.9670133378185,138.57353483368655,60.759736948554,10.188211882369144,3.1883707264125576,4.112926462032878,93.78333967101254,0.6016072184662,32.48379652023436,,,,,,,,,,,,,,,,,0.0,,,,,,uniform_random
CAND_0009_RAND,9,random_baseline,False,EXCEEDS_TOTAL_AREA,62.535878001546976,,115.9433501596933,59.798014701226975,11.052369319119565,2.082185976018312,2.8297761588615593,96.25592247891382,0.36151199892784025,23.013088398045817,130.68066917001488,69.89235681060467,11.771005459466464,3.3576392211861723,3.2865748257089056,105.45260941497091,0.40370692297470356,39.52278960350116,,,,,,,,,,,,,,,,,0.0,,,,,,uniform_random
CAND_0010_RAND,10,random_baseline,False,OUT_OF_BOUNDS,55.6884329738408,,124.42948820087014,70.02133323408356,9.37938139603469,3.548222375427971,3.0059447834912527,100.96366459356689,0.7376552163317134,33.28013093708312,145.61982707576078,62.21127857232504,9.176074798423642,2.4420356774562473,2.9433690950489577,102.7723282569408,0.37061044650639685,22.408302036757675,,,,,,,,,,,,,,,,,0.0,,,,,,uniform_random
CAND_0011_RAND,11,random_baseline,False,OUT_OF_BOUNDS,39.759164388307035,,128.39263110287962,60.369806573921466,4.178680192896452,3.410304310505589,4.051946561154372,93.77849152862402,0.784498798531676,14.250571074059094,129.50769599022723,71.39736459491787,6.191626477503181,4.119853386978614,3.014203869832556,97.45499343041914,0.3647053184423561,25.508593314247943,,,,,,,,,,,,,,,,,0.0,,,,,,uniform_random
CAND_0012_RAND,12,random_baseline,False,OUT_OF_BOUNDS,26.27132123555505,,113.84159783781472,64.28201019325321,5.3029768961812715,3.600215379831229,3.0078182216789906,103.69237272942945,0.3996096362830438,19.09185898052149,118.07960989123197,69.01438281713192,3.3305894602776815,2.155613095117099,2.99416408652171,96.82925345124995,0.2013727587125075,7.1794622550335605,,,,,,,,,,,,,,,,,0.0,,,,,,uniform_random
CAND_0013_RAND,13,random_baseline,False,INSUFFICIENT_PANEL_SEPARATION,33.21234380645065,,127.50007861241919,63.00894118731701,9.204608642221874,2.4051513174041457,2.8860257074183746,114.64401045299194,0.5541987616552954,22.138476602029524,133.24010731787837,59.18719092025565,3.3455580011844757,3.310020989174448,3.7589255841160876,101.76010662872444,0.6535213924073535,11.073867204421127,,,,,,,,,,,,,,,,,0.0,,,,,,uniform_random
CAND_0014_RAND,14,random_baseline,False,OUT_OF_BOUNDS,27.459791001944645,,132.43592780765783,59.29855856467807,8.070856134615441,2.141270652326845,4.487144855820841,103.35956119379864,0.3751990519577967,17.281887380204125,144.49532478335647,64.27408893401518,4.489399036096802,2.267097119214746,4.00837857411538,91.37373746056149,0.7152822289717025,10.177903621740517,,,,,,,,,,,,,,,,,0.0,,,,,,uniform_random
CAND_0015_RAND,15,random_baseline,False,OUT_OF_BOUNDS,59.77641089304073,,115.14939186850083,69.24823891391345,9.871347579555737,3.3712893442802088,3.905316505993598,98.35833753637417,0.668765397746893,33.27916890864248,153.53013590187854,57.85959479583927,6.1297433205675205,4.322732714678338,3.4528726471148277,108.88775669776463,0.3999569884296915,26.497241984398247,,,,,,,,,,,,,,,,,0.0,,,,,,uniform_random
CAND_0016_RAND,16,random_baseline,False,OUT_OF_BOUNDS,30.20785557347233,,129.35023524327335,70.56497339947498,3.4964122276210343,3.8094371222417918,4.087569542176055,106.48194658951792,0.6987403379909763,13.319362534559685,134.39969639004306,59.700344613470605,3.7925645015022362,4.453053608507675,3.9512887846303415,106.99863628225803,0.6900339791398924,16.888493038912646,,,,,,,,,,,,,,,,,0.0,,,,,,uniform_random
CAND_0017_RAND,17,random_baseline,False,OUT_OF_BOUNDS,38.803521543995444,,121.00866116594136,66.92233654000358,7.986429135124762,3.363341480222248,2.8857189035263207,102.29319519517976,0.8036814907812717,26.861088389020605,123.03673263003147,66.25798110853968,3.670530743409563,3.2535984547786367,3.8133702076333376,108.9526287772121,0.8072801566678549,11.942433154974836,,,,,,,,,,,,,,,,,0.0,,,,,,uniform_random
CAND_0018_RAND,18,random_baseline,False,EXCEEDS_MAX_DIMENSIONS,57.70475183046506,,117.89162345992389,64.29056910048556,11.01977368300586,3.9251512666925645,3.2649004352869255,97.29098882223178,0.31788876591414117,43.25427863051584,142.66238423241674,64.26690373213901,4.3845748745751205,3.295752407774656,3.519066715538487,94.29513197293015,0.4292756055738909,14.450473199949213,,,,,,,,,,,,,,,,,0.0,,,,,,uniform_random
CAND_0019_RAND,19,random_baseline,False,OUT_OF_BOUNDS,45.39050864866883,,123.51013837159184,58.249630229383456,8.29172110481103,3.106295285966374,3.0211268015092996,100.62934074016115,0.44112860366246376,25.756534180422396,126.88485085149645,71.18028722976939,6.7837476883873515,2.894266616350802,3.7172797400033115,90.52929803964486,0.6491715938771552,19.633974468246436,,,,,,,,,,,,,,,,,0.0,,,,,,uniform_random
CAND_0020_RAND,20,random_baseline,False,OUT_OF_BOUNDS,47.89184339733416,,111.92806138780894,65.37260766939946,5.514014758351818,3.698163314358294,2.9859013490757276,110.88807484848053,0.4856945855943674,20.391727094166907,132.13660359987608,69.10270693381132,6.290636914647374,4.37159490784389,3.1261178927188125,114.00681368598168,0.5176424917864164,27.500116303167257,,,,,,,,,,,,,,,,,0.0,,,,,,uniform_random
CAND_0021_RAND,21,random_baseline,False,OUT_OF_BOUNDS,50.484170457139086,,123.49611713687125,57.671531804544095,11.03223827586669,2.796006559336926,3.743195768157479,94.75416957916171,0.8310400908009028,30.846210583491164,143.37398190002142,61.54327839898109,7.728794194959948,2.5408827532830545,2.8445400668202425,92.16179206684096,0.5898651586876619,19.637959873647922,,,,,,,,,,,,,,,,,0.0,,,,,,uniform_random
CAND_0022_RAND,22,random_baseline,False,OUT_OF_BOUNDS,33.27034194365396,,126.63662349616493,63.89342281536192,7.689455736213461,2.848087848370298,2.9330680782616914,107.3189976514422,0.4472729921633345,21.900245442890842,154.8512190168305,64.6761580366612,3.101268127913953,3.666273289440194,4.071432498657863,100.71673814741496,0.45471308804813243,11.37009650076312,,,,,,,,,,,,,,,,,0.0,,,,,,uniform_random
CAND_0023_RAND,23,random_baseline,False,OUT_OF_BOUNDS,50.760725667680994,,127.40807509077779,55.98380937256494,8.484195533583616,2.7880151529227755,3.0513437521711713,109.10504716736804,0.6481289916639323,23.654065707990853,142.34231075994586,68.50774288880604,10.938618336342213,2.4780698188940007,4.2065704004235895,99.98826983051384,0.3194693360835066,27.10665995969014,,,,,,,,,,,,,,,,,0.0,,,,,,uniform_random
CAND_0024_RAND,24,random_baseline,False,EXCEEDS_MAX_DIMENSIONS,54.08496109749923,,140.79821354153614,64.80582454153559,9.948697154142291,4.106120759356561,3.19125049694398,111.32388513092585,0.5239247472689776,40.8505519131752,143.2448011197815,59.330492554262094,4.286542140611072,3.0874324222641105,3.082439249671182,97.07933276336784,0.4933265260343184,13.234409184324027,,,,,,,,,,,,,,,,,0.0,,,,,,uniform_random
CAND_0025_RAND,25,random_baseline,False,OUT_OF_BOUNDS,46.775436128472556,,127.4319279768031,58.096129822479156,6.210586558108622,2.9701455965449304,4.1404528310628965,98.34200677430219,0.5589801748334096,18.446346317527457,152.93286716716642,69.14489423662911,8.55805011073981,3.3102271480502186,4.022921921904658,103.77141624038681,0.7570450090910656,28.3290898109451,,,,,,,,,,,,,,,,,0.0,,,,,,uniform_random
CAND_0026_RAND,26,random_baseline,False,OUT_OF_BOUNDS,38.97260256668028,,124.52872203443489,69.80554175511807,6.07819679723575,2.0849773766241517,3.8842268850655848,99.57163561505448,0.745687972922114,12.672902812905914,153.26133866710683,60.888652101984206,9.42157791165632,2.7914326029439867,3.095402359584267,101.27147521493106,0.6348217588904276,26.29969975377437,,,,,,,,,,,,,,,,,0.0,,,,,,uniform_random
CAND_0027_RAND,27,random_baseline,True,,35.46365376321478,56.94100542127968,120.22471504292916,60.26100277296715,4.921884843519297,2.4635299129716848,3.5453439184245097,108.4984812969232,0.629069608502373,12.125210540211746,145.69111816961498,59.207972439491414,9.327567337933132,2.5020932444079813,3.0080561861021975,93.42421555045345,0.6112830067356163,23.33844322300303,36.47709580838323,36.8,37.7,45.751900165952364,-0.013473053892219866,0.013473053892219866,12.386975715217147,1.0479041916167664,0.0,18865.913440803695,75,516,27604,0,75,0.0,0.09419920000073034,certified,0,49.95224187595744,,,uniform_random
CAND_0028_RAND,28,random_baseline,False,EXCEEDS_TOTAL_AREA,64.62001604918854,,139.35202928398152,55.18776661532389,10.215603724329885,3.8431043888642415,3.3013038071172387,111.82169105008715,0.6905808122300052,39.25963150787007,140.08103919951247,58.95444146148539,8.466749816884185,2.9952915923824044,3.8211980744070475,103.41943614989204,0.6293775420296255,25.360384541318464,,,,,,,,,,,,,,,,,0.0,,,,,,uniform_random
CAND_0029_RAND,29,random_baseline,False,OUT_OF_BOUNDS,54.19162738884334,,110.3818329418448,69.08881704650096,6.472477557454275,4.496065484800884,3.698931214554926,105.46706571104959,0.7768023221163993,29.100682947218495,143.2591356670139,70.89691906695427,8.7013420517052,2.8835717861140484,2.8914766530542173,91.16075647249245,0.5072090378386638,25.090944441624842,,,,,,,,,,,,,,,,,0.0,,,,,,uniform_random
CAND_0030_RAND,30,random_baseline,False,OUT_OF_BOUNDS,29.43711528273328,,115.57113842560699,58.65098620817175,3.047295929992882,2.880665515492911,4.048577343310817,108.4209105133596,0.4929053024402966,8.778240301032396,131.74042597794852,68.83183335271484,6.071549343084011,3.4025705490202474,4.238415196198665,111.8791625732702,0.363999121881725,20.658874981700887,,,,,,,,,,,,,,,,,0.0,,,,,,uniform_random
CAND_0031_RAND,31,random_baseline,False,OUT_OF_BOUNDS,44.91424824611042,,123.22333365545879,59.456000304888704,10.066305942587075,2.33224279032875,3.4643383570845483,90.83714726768328,0.34276240997552687,23.477069459842156,153.14149731150388,70.04361189539041,9.668767898554547,2.2171572439413976,3.9043299410255896,104.54580362101169,0.5129136504624362,21.43717878626826,,,,,,,,,,,,,,,,,0.0,,,,,,uniform_random
CAND_0032_RAND,32,random_baseline,False,OUT_OF_BOUNDS,35.027789681367786,,145.85767186150315,64.25413498212737,5.757691303083852,2.72536696622215,2.884499344401736,91.46000858319131,0.3337915265772796,15.691821679129294,153.07176978842804,68.81999274221124,6.206618940907232,3.115378628257162,4.360818573429446,94.6085514392575,0.7006181713191844,19.33596800223849,,,,,,,,,,,,,,,,,0.0,,,,,,uniform_random
CAND_0033_RAND,33,random_baseline,False,OUT_OF_BOUNDS,47.980943493397604,,143.65372968638064,65.66083439934984,7.272789172812631,3.298797011260845,4.162219583681599,109.14476343697456,0.27340140518254563,23.991455186804544,154.99524896121204,59.63037696699431,5.828532551842162,4.115871034984776,2.9864594779881077,92.6796998209809,0.23168081779035446,23.98948830659306,,,,,,,,,,,,,,,,,0.0,,,,,,uniform_random
CAND_0034_RAND,34,random_baseline,False,OUT_OF_BOUNDS,57.88215775880116,,114.18356035275679,68.99983904656315,10.572399992407128,3.1507402249316376,3.114620449840032,112.23891422708628,0.32841712444473103,33.31088593014408,140.51703824115782,69.5730281413721,6.267771520830418,3.920256465475249,3.903660121279162,108.80227470841515,0.38583970208919105,24.571271828657082,,,,,,,,,,,,,,,,,0.0,,,,,,uniform_random
CAND_0035_RAND,35,random_baseline,False,EXCEEDS_TOTAL_AREA,63.84491444073478,,114.92536064142806,64.76180172887379,6.519868192763674,4.3878908590367995,4.2385402505018535,93.27379718111813,0.7281228269583802,28.608470045152504,125.93708703077498,66.93264545055192,10.397950540571742,3.388787459422246,3.761125570061597,94.78833250675703,0.43540236799152227,35.23644439558228,,,,,,,,,,,,,,,,,0.0,,,,,,uniform_random
CAND_0036_RAND,36,random_baseline,False,EXCEEDS_TOTAL_AREA,66.50365287585255,,111.39010300251428,60.08255190025148,10.502622980548182,4.037356304773462,3.9521415628426944,105.75657739405774,0.2888649580914306,42.402831107174855,146.58214871321542,65.76927802168603,6.062598777956019,3.9753285103262592,3.8573208819289206,104.6316960893873,0.2658848644298639,24.1008217686777,,,,,,,,,,,,,,,,,0.0,,,,,,uniform_random
CAND_0037_RAND,37,random_baseline,False,OUT_OF_BOUNDS,40.52866031825018,,117.46499658393556,63.9152923152069,4.339336401918806,3.1858150455398047,3.9008105923873027,111.50175960283524,0.6148037630134209,13.824323196891493,136.12789160023678,71.83991386827464,11.203725617964897,2.383522948700113,3.2032271002123776,93.23941590970857,0.5131350291727514,26.704337121358687,,,,,,,,,,,,,,,,,0.0,,,,,,uniform_random
CAND_0038_RAND,38,random_baseline,True,,30.531184179257856,56.79078582477892,115.0695096213934,61.12365553334999,3.941224023171739,2.014874531878214,3.115422671307121,112.11265895908573,0.7808296270702202,7.94107190871533,138.21407049578235,58.496189618194734,7.4015869510648695,3.0520633507240604,3.1521351731840643,90.95942162025285,0.5653612516833657,22.590112270542527,36.47485029940119,36.8,37.7,45.741764174858034,-0.01571856287426243,0.01571856287426243,12.87010463465299,1.0479041916167664,0.0,17632.796044814466,70,202,27918,0,70,0.0,0.08036049999645911,certified,0,45.01885253642536,,,uniform_random
CAND_0039_RAND,39,random_baseline,True,,23.232522909607674,56.57571820225829,126.91019884034588,64.77857298459627,3.7189776354407664,3.553460890637103,2.8094071131053355,103.15144930047946,0.45443504474272817,13.215241580692814,129.54298249030765,58.50290424397374,3.1260781122096786,3.2044245119115446,3.4523329712676567,96.58294172905953,0.3194296716911208,10.017281328914862,36.47874251497006,36.8,37.7,45.76078993147224,-0.011826347305394336,0.011826347305394336,12.605055855052342,0.7485029940119761,0.0,15808.130727401918,47,164,27956,8,47,0.0,0.07472620000771713,certified,0,45.00288228607326,,,uniform_random
CAND_0040_RAND,40,random_baseline,False,OUT_OF_BOUNDS,38.04064965863355,,118.66856713236768,67.1828678985374,5.961507092557561,4.021894898314725,3.855239522580185,111.22838951512334,0.36850449507317734,23.976554961824306,132.5441993250133,57.73264727363523,5.507733802918644,2.5535175083001356,3.7652945525526125,98.91893389243702,0.5223431151183173,14.064094696809244,,,,,,,,,,,,,,,,,0.0,,,,,,uniform_random
CAND_0041_RAND,41,random_baseline,False,OUT_OF_BOUNDS,30.315956430649663,,136.05346208106465,65.22644908927442,7.301075760942404,2.464954213217599,3.0271661424006138,95.88556000884513,0.5881336098667895,17.996817457955867,136.45512835922827,71.63392705922377,3.0008255048277412,4.105250022993577,2.9852184884427793,104.45852803467012,0.4745803868664872,12.319138972693796,,,,,,,,,,,,,,,,,0.0,,,,,,uniform_random
CAND_0042_RAND,42,random_baseline,False,OUT_OF_BOUNDS,46.364600000064414,,120.68730587087043,59.62823368412937,6.697199410692623,2.937393615589735,3.9455719030307,91.81680903431683,0.7144944431614062,19.672310791299846,149.7661267610202,62.11497449784577,7.876943061939208,3.3886609308806213,3.7061623707842926,93.17771996923332,0.2605489507614137,26.692289208764567,,,,,,,,,,,,,,,,,0.0,,,,,,uniform_random
CAND_0043_RAND,43,random_baseline,False,OUT_OF_BOUNDS,53.921867917808946,,111.3369754578901,66.18910331832387,8.365772939192382,4.482270392221029,4.3869769266366045,98.21668970863513,0.48061152022188963,37.497656353385906,122.94035750123098,55.77629878529665,6.263153105416164,2.6223551121910043,4.163191601874947,98.59440082654942,0.753274960512788,16.42421156442304,,,,,,,,,,,,,,,,,0.0,,,,,,uniform_random
CAND_0044_RAND,44,random_baseline,False,EXCEEDS_TOTAL_AREA,64.9830581334578,,119.84112138067532,69.9959462874864,10.700293415159265,4.032502741022304,4.456093299313464,105.81330569115369,0.29338259078932405,43.14896252637265,135.60383413332426,60.976213943215676,7.719041872743127,2.8286017833617407,3.219522621608051,103.24406801495695,0.2575299578251846,21.83409560708516,,,,,,,,,,,,,,,,,0.0,,,,,,uniform_random
CAND_0045_RAND,45,random_baseline,False,OUT_OF_BOUNDS,36.36720940504462,,125.10848070386281,71.97279411095893,5.302235803889444,3.4357600681451324,4.256158684931165,104.93024781522071,0.6767886970081176,18.21721004689276,126.53744705830987,69.58421612883556,4.110076187147381,4.415976378955875,2.984668317011262,95.99285963041827,0.5232122358780292,18.149999358151863,,,,,,,,,,,,,,,,,0.0,,,,,,uniform_random
CAND_0046_RAND,46,random_baseline,False,CONSTRUCTION_CONSTRAINT_VIOLATION,36.26739511614046,,124.25508751062364,63.465170119361396,5.566138802760426,2.7539013156708054,3.792931974947594,114.73605495510547,0.21988599883255355,15.328596972128258,127.622683315204,63.7239295558668,10.41663452624054,2.0101308240454525,3.0166210031160943,108.48655631339925,0.6264293037113307,20.938798144012207,,,,,,,,,,,,,,,,,0.0,,,,,,uniform_random
CAND_0047_RAND,47,random_baseline,True,,27.08206032530599,56.693599534310074,140.62371138402946,55.55432289403177,3.7434282098135423,2.396444965208636,3.1072184609826032,112.61902509641945,0.2682268471456213,8.97091968602764,149.20776771892153,55.86462591006201,6.875594581330074,2.63411991865506,3.364498670620467,108.74284545937809,0.48314121914878816,18.111140639278346,36.4811377245509,36.8,37.7,45.769765592592115,-0.009431137724554617,0.009431137724554617,12.62100517779686,0.8982035928143712,0.0,16770.5150813265,62,137,27983,10,62,0.0,0.0871218999964185,certified,0,44.96550268882754,,,uniform_random
CAND_0048_RAND,48,random_baseline,False,OUT_OF_BOUNDS,35.23722006145767,,113.02895074770625,55.964071727902,3.311992605510508,3.0747232869069583,4.274612078652433,103.18235696848875,0.4386387319831274,10.18346079022681,149.59062631602035,71.10185079073769,10.175963656286555,2.4620527467934723,2.9906644098035327,94.66428901770443,0.3545104013464445,25.05375927123086,,,,,,,,,,,,,,,,,0.0,,,,,,uniform_random
CAND_0049_RAND,49,random_baseline,False,OUT_OF_BOUNDS,34.60964461027946,,117.02231834311428,62.745145094060696,4.693182345772213,3.1789786039738397,3.7191984549401718,97.03117431009834,0.7116645181299979,14.91952626175762,147.50911329805425,64.65480474571478,4.441191947343749,4.433521131708434,4.065803396288633,97.03793131723272,0.7363773912472811,19.690118348521843,,,,,,,,,,,,,,,,,0.0,,,,,,uniform_random
CAND_0050_RAND,50,random_baseline,False,OUT_OF_BOUNDS,39.78348096482664,,129.69555048338222,57.843258415766115,4.3481748109365075,3.7889510347914825,3.8040686756666,96.84404882513235,0.3062472472533512,16.475021449352138,154.4776718362324,70.19020242718767,5.265728887354181,4.42644504001156,3.4392757771146156,108.20237388011549,0.558136381416708,23.308459515474503,,,,,,,,,,,,,,,,,0.0,,,,,,uniform_random
CAND_0051_RAND,51,random_baseline,False,EXCEEDS_TOTAL_AREA,71.94029450339247,,121.08101428733099,56.633330570594566,9.402801218210229,2.598076878631371,3.9270128294685573,95.88897228144889,0.5138516493497463,24.429200439398883,125.29994405162344,68.21690487864933,10.656232527008616,4.45852640166916,3.1617420080311254,106.36151294449576,0.5822418475640284,47.51109406399358,,,,,,,,,,,,,,,,,0.0,,,,,,uniform_random
CAND_0052_RAND,52,random_baseline,False,OUT_OF_BOUNDS,34.95660504667944,,128.97666514848413,65.45504595038219,5.259948706457739,3.398570066159367,3.2602128885499475,106.94225939453665,0.5235348523198737,17.876304223300956,146.07889040074542,66.46236797505861,6.574652635741987,2.5979016336961016,3.5886178136478213,110.18125348005309,0.3731251983483221,17.08030082337849,,,,,,,,,,,,,,,,,0.0,,,,,,uniform_random
CAND_0053_RAND,53,random_baseline,False,OUT_OF_BOUNDS,40.857555029868614,,125.94401865201417,66.10936439031714,3.566578861964219,2.13237348407139,2.906793993846274,101.24798695486558,0.7652232641206913,7.605278194102015,130.4642102321237,59.690025055463195,9.980042329167079,3.331877334686795,3.1000886963884278,99.82109670611534,0.7972270477225076,33.2522768357666,,,,,,,,,,,,,,,,,0.0,,,,,,uniform_random
CAND_0054_RAND,54,random_baseline,False,EXCEEDS_TOTAL_AREA,61.79817024832995,,127.38177936339011,64.8203991280833,7.137711552871901,3.5951607392702956,3.3227978687155364,106.9126562464999,0.7560392025136342,25.661220343121073,127.92573492322543,69.30365193214621,9.711164935457456,3.7211755896829084,3.8683237867741527,104.37696146843308,0.8349087171020042,36.13694990520888,,,,,,,,,,,,,,,,,0.0,,,,,,uniform_random
CAND_0055_RAND,55,random_baseline,False,PANEL_COLLISION,34.2419229994309,,128.3081416210221,57.948388094762855,5.72447243863085,2.9486724017521255,2.934515603442201,110.50980618485183,0.45976217134261893,16.879593894381475,133.2378818522152,58.496099330319254,6.68745194215459,2.596254785115594,4.038935216471264,111.15384844144972,0.47211720214887387,17.362329105049426,,,,,,,,,,,,,,,,,0.0,,,,,,uniform_random
CAND_0056_RAND,56,random_baseline,False,OUT_OF_BOUNDS,57.485177141461186,,114.1207144339188,70.73069775292649,6.2045826418056205,3.603040547518833,3.122978152889021,96.75323208377047,0.6287858535846325,22.355362838857168,150.06217982552158,70.60345820610308,8.381605043236402,4.1912991749655735,2.857437764278367,114.21118670076602,0.8361215943522258,35.12981430260402,,,,,,,,,,,,,,,,,0.0,,,,,,uniform_random
CAND_0057_RAND,57,random_baseline,False,OUT_OF_BOUNDS,59.5730153482598,,130.24040971139456,67.23950714140729,9.011217246499584,3.1174338547002094,4.330963400371662,101.48669344932611,0.5567881896181821,28.091873716296202,143.1225660815355,71.57518045389632,11.754543274878914,2.6782105349208383,3.160173101084408,95.37518723436932,0.6130404854003841,31.4811416319636,,,,,,,,,,,,,,,,,0.0,,,,,,uniform_random
CAND_0058_RAND,58,random_baseline,False,OUT_OF_BOUNDS,49.87141845830778,,129.09911102812035,63.16716816946902,4.64293730583253,2.6434734369869783,3.806883863632873,111.86349518740293,0.6040996966356764,12.273481437564179,135.27144990049285,71.51758654432331,10.052728845132624,3.740072730495257,3.755379224657659,90.42645028703483,0.4385893370100085,37.5979370207436,,,,,,,,,,,,,,,,,0.0,,,,,,uniform_random
CAND_0059_RAND,59,random_baseline,False,OUT_OF_BOUNDS,43.7318088874821,,143.76877602075632,65.45904252639343,6.474178843967214,2.8407193113471676,4.18738847113627,95.31824588726022,0.33581731397495124,18.391324867172944,146.4135868601165,58.115701368742,7.198377622608417,3.520304900470994,3.3235654203432925,113.56756938328056,0.592771299182369,25.340484020309155,,,,,,,,,,,,,,,,,0.0,,,,,,uniform_random
CAND_0060_RAND,60,random_baseline,False,OUT_OF_BOUNDS,37.11265882196488,,132.3180776952274,69.3552235908523,3.067783695509503,2.88005238453744,3.8736962891062685,107.49068205823235,0.45307565349483364,8.835377747497224,154.77302179769381,57.67097937928211,6.373880589711103,4.436430942888016,3.477738618984158,105.23291736081086,0.6229343944462011,28.277281074467652,,,,,,,,,,,,,,,,,0.0,,,,,,uniform_random
CAND_0061_RAND,61,random_baseline,True,,59.939963557097556,57.6467019007249,136.7250480933327,61.00119040974927,9.864919665068875,3.852614567782539,3.8433978608296426,103.39359833786159,0.542509700226885,38.005733211648796,148.5300814552774,57.39579732968911,5.753523560189745,3.812312596965432,3.8685283426141903,96.57116990154375,0.7475725816416194,21.934230345448764,36.448502994011974,36.8,37.7,45.63391000384932,-0.04206586826347802,0.04206586826347802,12.388115431801452,2.3952095808383236,0.0,24984.99088927439,90,154,27966,8,90,0.0,0.07984940000460483,certified,0,51.59764296559143,,,uniform_random
CAND_0062_RAND,62,random_baseline,False,EXCEEDS_TOTAL_AREA,61.45755100893153,,111.28440194493031,69.18797177777938,10.933835935035855,4.4310423245592485,3.070144814927811,107.33643113267554,0.3899459623790338,48.44828979793072,112.99357475427672,55.43959494647364,5.960087383465018,2.1827299457206304,4.272695110670514,102.3241473832187,0.4408163093588922,13.009261211000812,,,,,,,,,,,,,,,,,0.0,,,,,,uniform_random
CAND_0063_RAND,63,random_baseline,False,EXCEEDS_TOTAL_AREA,67.74042302197988,,115.39905082488652,59.74760405241458,9.189692936336726,3.9585993914891233,3.941204572992749,108.23572411006458,0.8363450953195697,36.37831286575446,127.69154948330758,61.252927662469666,7.552079699376131,4.1527779637728415,2.8160662930718106,112.22640368683113,0.785393232370988,31.362110156225423,,,,,,,,,,,,,,,,,0.0,,,,,,uniform_random
CAND_0064_RAND,64,random_baseline,False,CONSTRUCTION_CONSTRAINT_VIOLATION,37.57244741825703,,128.1657465799574,62.569559844316466,11.007420261657977,2.1309355393477176,3.3551749072453774,105.2558367250689,0.3051202269053504,23.456103032103137,133.40122181920236,62.07831679628488,3.4137760525391747,4.135111433467969,3.015321214301495,97.89351873649686,0.4702633200097214,14.116344386153893,,,,,,,,,,,,,,,,,0.0,,,,,,uniform_random
CAND_0065_RAND,65,random_baseline,False,EXCEEDS_TOTAL_AREA,63.281812911918536,,123.03326599915026,70.25389118322738,4.316901134189434,3.97758542840812,4.382215317600329,102.19398135386758,0.39294978377591766,17.17084304723038,147.76757713714434,63.653837705530044,11.645788379299677,3.9594545566919406,4.098014259550747,108.18309825367217,0.36397767635458333,46.11096986468816,,,,,,,,,,,,,,,,,0.0,,,,,,uniform_random
CAND_0066_RAND,66,random_baseline,False,PANEL_COLLISION,46.94641643384779,,144.09190410759027,57.7051679436217,11.627796996157084,2.8168034547328977,3.265302981298366,102.84389788440454,0.37425774925424937,32.75321874970808,145.20201715255106,59.401929540344604,5.684811011878052,2.496687691901089,4.354466577402487,90.06395032881703,0.5834925502754507,14.193197684139708,,,,,,,,,,,,,,,,,0.0,,,,,,uniform_random
CAND_0067_RAND,67,random_baseline,False,CONSTRUCTION_CONSTRAINT_VIOLATION,57.270564979389846,,126.39430367003195,64.618934940063,11.368733739684998,2.208318037235636,4.144319292354606,98.62244047519188,0.3636665283563441,25.10577977787573,148.74742411771678,64.65560265557995,11.75599282211858,2.7360330759131584,2.921701204751154,99.26704246664134,0.8146128270481978,32.164785201514114,,,,,,,,,,,,,,,,,0.0,,,,,,uniform_random
CAND_0068_RAND,68,random_baseline,False,EXCEEDS_TOTAL_AREA,72.34964611405263,,112.3573042652976,67.7606933392118,11.42777426780283,3.8452789367693265,3.715734401954233,98.91285256601626,0.6213968222117706,43.94297968613674,143.76508541114202,64.86284634258607,8.495690946147246,3.3436558142216994,3.9245757358098503,95.84146264831732,0.6174778005068123,28.406666427915887,,,,,,,,,,,,,,,,,0.0,,,,,,uniform_random
CAND_0069_RAND,69,random_baseline,False,OUT_OF_BOUNDS,41.528119740363586,,114.78759972163026,57.41326329903856,3.1568249602294625,4.035788432034131,4.286545596358241,100.07528355459327,0.5491710243360481,12.74027765645067,116.86067025286896,66.76187257588646,7.834776890153556,3.67436654387598,4.387583176197376,102.67421557981731,0.7870182255496911,28.787842083912917,,,,,,,,,,,,,,,,,0.0,,,,,,uniform_random
CAND_0070_RAND,70,random_baseline,True,,55.59449351991958,57.52442163194489,112.89710350797488,61.57790012986788,6.2532399819271465,2.8119489772744983,3.438161982145528,103.75660699085016,0.4740585236344083,17.583791771832043,137.65463365411654,58.519502408737196,11.645497451315784,3.263982659993012,3.2576630509298528,97.86968910118104,0.2750318693567686,38.010701748087534,36.456586826347305,36.8,37.7,45.66540940855769,-0.033982035928147525,0.033982035928147525,12.812387377999471,2.095808383233533,0.0,23898.623379979894,85,362,27758,0,85,0.0,0.06855299999006093,certified,0,51.59764296559143,,,uniform_random
CAND_0071_RAND,71,random_baseline,True,,39.45680891847206,57.05106953701524,114.12818113072548,64.08866471597739,7.574985636457472,3.368469174198001,3.5228366216313116,104.12999378599775,0.5200844410585614,25.51610561139962,139.82809372540436,57.22128491935135,5.625828526083172,2.4779822638459033,3.732695186400587,101.86599970289988,0.45281985982874856,13.94070330707244,36.46736526946108,36.8,37.7,45.71136178335689,-0.023203592814375895,0.023203592814375895,12.674672620265085,1.4970059880239521,0.0,19864.202229618015,83,423,27697,0,83,0.0,0.09385110001312569,certified,0,45.01885253642536,,,uniform_random
CAND_0072_RAND,72,random_baseline,False,PANEL_COLLISION,36.689656262897,,134.15466028982704,62.289125866378654,3.9252372359786163,3.09373751081623,3.49892130040935,103.61580563250361,0.3526913719915893,12.143653675799664,139.36787020924643,58.52808587595102,8.171413833754686,3.003886853178587,3.680832984186754,113.09020051454671,0.5987387713319594,24.546002587097338,,,,,,,,,,,,,,,,,0.0,,,,,,uniform_random
CAND_0073_RAND,73,random_baseline,False,OUT_OF_BOUNDS,30.354584864949025,,113.58191101058762,67.29918486134524,4.0326221250350365,4.309372669480139,3.0780440051235907,110.4128512507437,0.5759823260568065,17.378071571966906,140.07186318508067,57.903653994398255,6.340963267717851,2.046457729702705,3.8818666639803343,99.62797421673801,0.622881653988313,12.97651329298212,,,,,,,,,,,,,,,,,0.0,,,,,,uniform_random
CAND_0074_RAND,74,random_baseline,False,OUT_OF_BOUNDS,32.80980911823542,,122.08468242732876,69.72706814265794,3.073751250081015,3.152351278136992,2.8967695271337357,112.1387805455231,0.5310603428828944,9.689543681868065,149.49003665602388,56.58053501886379,5.8883719858503545,3.926427455997161,3.620591273486439,109.27482090379502,0.39109913128389995,23.120265436367358,,,,,,,,,,,,,,,,,0.0,,,,,,uniform_random
CAND_0075_RAND,75,random_baseline,False,OUT_OF_BOUNDS,35.17101115338733,,125.83149176615444,59.6595478462115,4.046071679732759,2.2515783311037705,3.459145161277207,113.70227312644151,0.4713464820355326,9.110047320178916,146.76067752770865,60.3444248362287,6.808506348703872,3.8277064745881617,3.8389874971078597,113.31587289906334,0.5391922727007277,26.060963833208415,,,,,,,,,,,,,,,,,0.0,,,,,,uniform_random
CAND_0076_RAND,76,random_baseline,False,EXCEEDS_TOTAL_AREA,69.63280574590493,,125.98311157818932,63.293836096635815,10.751813209368756,3.7455059961702646,2.92311519683545,90.19074159035296,0.7203455089057709,40.27098084539333,150.26373640102096,60.748827689439096,10.081137661053951,2.9125507346203543,3.6226763878465538,103.86669579199243,0.8424093391856908,29.361824900511607,,,,,,,,,,,,,,,,,0.0,,,,,,uniform_random
CAND_0077_RAND,77,random_baseline,False,OUT_OF_BOUNDS,47.098803196150925,,120.1338746371627,64.50651492846364,5.02396240407772,2.24975624614817,4.340141792834729,104.21744777872924,0.5489489507959511,11.302690798987426,125.63033582995581,67.22168376281803,10.70078609289503,3.3451853056787053,4.147039616902144,106.90554142183922,0.20311689795636342,35.7961123971635,,,,,,,,,,,,,,,,,0.0,,,,,,uniform_random
CAND_0078_RAND,78,random_baseline,False,EXCEEDS_TOTAL_AREA,63.90090278851641,,140.26284851289523,59.96286194411748,10.643362493014887,3.256999028388451,4.445207616396945,103.70216909785796,0.30885681643252094,34.66542129853557,143.95220587492554,57.972384744418534,9.124623370165505,3.2040206268207387,2.8510130017092465,108.05899493015409,0.6497087522811162,29.23548148998084,,,,,,,,,,,,,,,,,0.0,,,,,,uniform_random
CAND_0079_RAND,79,random_baseline,False,OUT_OF_BOUNDS,47.7072775595211,,116.08422088783612,69.40715613058359,9.793863947391124,2.188928880699206,3.5548656992647123,91.80314131776673,0.5172464222834869,21.438071648083163,123.86367523758271,64.76220422743913,9.343215186779835,2.811580958619845,3.4714813347610387,108.12531517489623,0.8272605677622038,26.269205911437943,,,,,,,,,,,,,,,,,0.0,,,,,,uniform_random
CAND_0080_RAND,80,random_baseline,False,OUT_OF_BOUNDS,31.325021508202283,,113.82075488553556,70.43299180903227,7.758715004697341,2.5867714720076047,3.0671405906580818,106.24588413997819,0.7707223192009185,20.07002263358843,132.44799432801022,66.43591687720769,5.265842595621916,2.1373595336805913,4.25477897716974,98.90725970761267,0.8147918957606175,11.254998874613854,,,,,,,,,,,,,,,,,0.0,,,,,,uniform_random
CAND_0081_RAND,81,random_baseline,False,OUT_OF_BOUNDS,52.30299960219853,,139.28312437771305,62.57543374702964,6.692502863125901,4.49643680529398,3.388876691740732,110.66999673794216,0.7816944498175691,30.09241619329464,152.78604765113099,65.43358631575907,6.89454361557525,3.2214726089669883,3.152531780343713,109.58844974585058,0.35836130284886003,22.210583408903894,,,,,,,,,,,,,,,,,0.0,,,,,,uniform_random
CAND_0082_RAND,82,random_baseline,False,OUT_OF_BOUNDS,44.14452963901262,,127.79492416128545,65.10551860665856,10.812499067807467,2.8836571451579394,3.952910993122618,97.09356652011849,0.24047819136180398,31.17954019389656,133.52166396162792,61.415516035807634,4.396423300247907,2.9489857003498687,2.996788900248949,107.39386434304795,0.29976157499501177,12.964989445116055,,,,,,,,,,,,,,,,,0.0,,,,,,uniform_random
CAND_0083_RAND,83,random_baseline,False,EXCEEDS_TOTAL_AREA,61.19325542593924,,117.59159045397824,58.61205835357932,9.927077619216858,3.3199374385677007,4.332005262049166,102.12756044687393,0.7545695630064349,32.95727664360557,151.5556048209684,65.12225673324836,7.897209789385581,3.575437342475676,3.051503948690602,105.77733522990464,0.5555107903039735,28.235978782333675,,,,,,,,,,,,,,,,,0.0,,,,,,uniform_random
CAND_0084_RAND,84,random_baseline,False,OUT_OF_BOUNDS,34.12951376431613,,143.88545325259187,63.95285947092236,5.07129923862956,3.496731352154076,4.127812859361223,99.73201552333501,0.3866318622958697,17.73297104387108,144.552501598831,57.170334612217445,6.170128301714104,2.657407094093971,3.0853969457764334,98.60351889625404,0.2435451345752037,16.396542720445048,,,,,,,,,,,,,,,,,0.0,,,,,,uniform_random
CAND_0085_RAND,85,random_baseline,False,OUT_OF_BOUNDS,39.86166786482346,,121.61860985253581,59.344905017936675,5.216473527606367,2.0489385565119003,4.499212756691791,107.7774123448682,0.6183824914089995,10.688233739736331,152.99285369457633,61.21786329873518,7.20142568485805,4.0510636923502705,2.821134245936356,104.03477944956384,0.7945031593760952,29.173434125087127,,,,,,,,,,,,,,,,,0.0,,,,,,uniform_random
CAND_0086_RAND,86,random_baseline,False,OUT_OF_BOUNDS,53.713554768032765,,117.25864762019604,56.91387353572334,5.77060327937173,2.8934694500760987,3.6269870941891664,95.92870965389143,0.7969737641938808,16.69706429737105,120.1877250922324,61.552761656878815,11.18087883675322,3.310695966848597,4.004927817580281,108.6708765911493,0.5165540496987433,37.016490470661715,,,,,,,,,,,,,,,,,0.0,,,,,,uniform_random
CAND_0087_RAND,87,random_baseline,False,OUT_OF_BOUNDS,53.95458190449112,,111.66698872453348,70.10522072866917,4.522390276266963,4.108744112907772,3.272421068823709,99.23610297359164,0.5129678833779232,18.581344423883234,147.65022516670928,59.653444826758104,9.572365636919507,3.6953495951071282,4.415490366591016,97.69213952654103,0.5526083716572238,35.37323748060789,,,,,,,,,,,,,,,,,0.0,,,,,,uniform_random
CAND_0088_RAND,88,random_baseline,False,EXCEEDS_TOTAL_AREA,63.27285285754649,,110.80722114325123,62.213637491498396,10.798638362874858,4.033806001618538,4.067019812489256,96.37236296062991,0.5138268796339664,43.55961223747279,154.56572921765056,69.02314192193496,5.0327789261208205,3.916969314459502,3.448317981434923,103.3779028990288,0.8321551923625019,19.713240620073698,,,,,,,,,,,,,,,,,0.0,,,,,,uniform_random
CAND_0089_RAND,89,random_baseline,False,OUT_OF_BOUNDS,35.962773886630096,,142.1126306240353,70.09128944842244,4.7443109979405556,2.5844054249814326,4.230687655790997,107.20334345332519,0.8118885176237771,12.261223080876645,153.51250033661097,64.5933919909805,9.141301974577965,2.592798145348185,4.087901137809896,110.94070665456434,0.23390476487618223,23.701550805753453,,,,,,,,,,,,,,,,,0.0,,,,,,uniform_random
CAND_0090_RAND,90,random_baseline,False,OUT_OF_BOUNDS,39.851005375437424,,115.61224720157439,69.50230787516088,3.8550405627631843,2.6807276851175037,3.7135377578918516,114.5389881191928,0.47313425620589156,10.33431396385023,131.00866182192098,69.45619688313539,10.598643319304973,2.7849499716462587,3.919362155494606,111.6340523538805,0.38332237779243183,29.516691411587193,,,,,,,,,,,,,,,,,0.0,,,,,,uniform_random
CAND_0091_RAND,91,random_baseline,False,OUT_OF_BOUNDS,55.848412432334754,,122.07020302290769,71.52763846144178,9.314047455217128,3.3433783434894493,3.8264368829593374,97.98890144985008,0.7316673847102706,31.140384552005962,148.85240028851354,61.238710819125004,8.046911020717339,3.07049845794445,2.8994465577081905,91.10142831081916,0.22882431370325815,24.70802788032879,,,,,,,,,,,,,,,,,0.0,,,,,,uniform_random
CAND_0092_RAND,92,random_baseline,False,EXCEEDS_TOTAL_AREA,64.15812268778838,,133.83530078669693,67.2080244404422,9.092671526774463,4.411819674896403,3.7583174070349914,95.81182506006236,0.31093816701552746,40.11522713919389,153.3364724004412,62.81762126710987,6.963417202340327,3.4527437966109424,2.90542649428702,98.0354902588342,0.20451696628912827,24.04289554859449,,,,,,,,,,,,,,,,,0.0,,,,,,uniform_random
CAND_0093_RAND,93,random_baseline,False,OUT_OF_BOUNDS,45.70985242658658,,110.53398251351189,64.52857899162348,8.160837701445706,3.548078955658398,3.6051780281639267,105.43944276687465,0.23735075529059713,28.955296509043162,141.3844607519335,66.4350829026072,5.798675516388074,2.889376353305527,3.1155002795896536,111.32170740152776,0.5534113928818623,16.754555917543417,,,,,,,,,,,,,,,,,0.0,,,,,,uniform_random
CAND_0094_RAND,94,random_baseline,False,OUT_OF_BOUNDS,36.836265860741186,,146.75956376847932,71.48111378489683,3.0825817667267152,3.4614012812865296,3.925591708613262,97.46905307216505,0.45799384296770346,10.670052477018347,147.424930299511,71.54485388279998,10.475955671916072,2.49773998699414,3.5063405083003882,92.121412993238,0.3105703251119277,26.166213383722837,,,,,,,,,,,,,,,,,0.0,,,,,,uniform_random
CAND_0095_RAND,95,random_baseline,False,OUT_OF_BOUNDS,41.363491206972235,,132.76523297130112,71.82322779714018,3.3493380550701044,4.088931178113125,3.0769361850380794,113.78866196988302,0.6971934647036824,13.695212799416923,145.14138191180152,65.88057637365397,9.076422744561533,3.0483681937505347,3.2500336564415253,94.19937046560305,0.6167232166879465,27.668278407555313,,,,,,,,,,,,,,,,,0.0,,,,,,uniform_random
CAND_0096_RAND,96,random_baseline,False,PANEL_COLLISION,30.758760939707688,,124.66118565688939,62.040643965170354,5.459845825751528,3.1942642953264064,3.5750025164893096,95.70142659277404,0.7829338155161403,17.44019057918503,129.01125354629465,60.5353820467666,6.048770065810011,2.2018642162981816,3.5057631661814184,114.50169785576625,0.5123289038864618,13.31857036052266,,,,,,,,,,,,,,,,,0.0,,,,,,uniform_random
CAND_0097_RAND,97,random_baseline,True,,37.27917016588812,56.99202779958742,120.76015914056222,63.62642057737411,6.872971664814703,2.3188522707875765,2.8644849030139583,104.27746409018545,0.25795289136822236,15.937405952014243,137.7949956940521,57.254660769334336,4.926914930162947,4.331668907700837,3.109490543077464,112.9918075926764,0.776674250115035,21.341764213873876,36.47365269461078,36.8,37.7,45.73695367612231,-0.016916167664675186,0.016916167664675186,12.502782724515157,1.347305389221557,0.0,19319.79254147203,77,321,27799,0,77,0.0,0.09315099999366794,certified,0,49.95224187595744,,,uniform_random
CAND_0098_RAND,98,random_baseline,False,EXCEEDS_MAX_DIMENSIONS,53.89768096956152,,113.91940349607881,61.069841413866556,9.138984856524644,4.467024504441075,3.0640362000612096,98.06706143500621,0.3181179570287782,40.824069299811484,149.0655234435752,68.56654727931891,5.489643288176243,2.381504768790418,3.423562141616658,109.6260842346104,0.778213812365113,13.073611669750033,,,,,,,,,,,,,,,,,0.0,,,,,,uniform_random
CAND_0099_RAND,99,random_baseline,False,OUT_OF_BOUNDS,40.64792831739538,,115.55172973393884,61.128734793058854,7.920462188132601,2.850791366767365,4.387095393802097,109.8108163216107,0.29327838171477594,22.57958522673577,133.7499342582319,68.41246873348152,5.07743906450992,3.5585543934841084,4.388376482194518,111.76185490429822,0.7043033254565334,18.068343090659617,,,,,,,,,,,,,,,,,0.0,,,,,,uniform_random
CAND_0100_RAND,100,random_baseline,False,PANEL_COLLISION,35.58307303974247,,114.19373365747539,63.50135177456909,3.7029047784554887,3.514380203988524,4.363394730307636,93.61018106574129,0.5366876988875389,13.01341525065848,114.79335830734924,64.08257878850951,7.232969619307104,3.12038608994546,3.488062711621608,90.27462208842681,0.3905513904954453,22.569657789083994,,,,,,,,,,,,,,,,,0.0,,,,,,uniform_random
CAND_0101_RAND,101,random_baseline,False,PANEL_COLLISION,39.96097996520622,,120.82856523626135,61.18637586463953,10.38669335496403,2.624013375014632,4.299800171475084,95.61247942751267,0.5011251607333926,27.254822285601218,125.52887684088039,58.896889688699616,5.119221944833374,2.4820486035829767,3.5346631381040834,99.75480602465738,0.46085455850401347,12.706157679605006,,,,,,,,,,,,,,,,,0.0,,,,,,uniform_random
CAND_0102_RAND,102,random_baseline,False,OUT_OF_BOUNDS,50.56569500371263,,119.8672637583216,61.34943291019652,7.215218415209976,4.397747537301838,3.8387557089718447,109.6843454700346,0.7208256667149409,31.730709016584544,152.75567574006217,68.94272801296255,5.501279753919553,3.4237462608056837,3.1413625860288006,93.33257638804255,0.2975747666842727,18.834985987128082,,,,,,,,,,,,,,,,,0.0,,,,,,uniform_random
CAND_0103_RAND,103,random_baseline,False,OUT_OF_BOUNDS,26.067460796037913,,129.6995155325832,71.15889646373864,4.558742861500278,2.1383756741091164,4.271029535524393,107.22374462098863,0.5379350197709789,9.748304839550778,152.40769319705447,58.8766767069987,4.044403411628311,4.034997080055599,3.1542025953858155,99.29507186791255,0.8097878698583976,16.319155956487137,,,,,,,,,,,,,,,,,0.0,,,,,,uniform_random
CAND_0104_RAND,104,random_baseline,False,OUT_OF_BOUNDS,57.66778101729072,,113.73716773606401,62.45676698258599,9.839566886441114,3.197507574358323,4.038950660830705,104.41697339544426,0.594296111401911,31.462089647800802,153.9373810835849,66.93819911423739,10.894684231938362,2.4053649295008026,4.208168127039665,93.24305697946599,0.5837684583806014,26.205691369489923,,,,,,,,,,,,,,,,,0.0,,,,,,uniform_random
CAND_0105_RAND,105,random_baseline,True,,49.61273431005901,57.346914963433505,131.14472473417237,58.71895484450479,8.415539972604861,3.8554224777880766,3.1749031452122023,103.00304410187535,0.5624301260617457,32.445461973104834,151.08355193573271,55.41207285830409,5.427301701254198,3.163132120144893,3.951114199632728,109.40846868799746,0.7790300234616783,17.167272336954177,36.45853293413173,36.8,37.7,45.67755004207634,-0.03203592814372058,0.03203592814372058,12.674506736350907,1.7964071856287425,0.0,22403.183577514752,89,577,27543,0,89,0.0,0.09171779999451246,certified,0,49.95224187595744,,,uniform_random
CAND_0106_RAND,106,random_baseline,False,EXCEEDS_TOTAL_AREA,93.71618706203401,,111.48983572304148,66.58236049905985,9.352856072785706,4.352227802049974,3.6993611800125503,94.35982247893023,0.23974434846958204,40.705760228549885,142.49085187917134,71.83874852506092,11.830440000485444,4.480849979485878,3.0788126954526875,91.75713279549079,0.654213767504718,53.01042683348412,,,,,,,,,,,,,,,,,0.0,,,,,,uniform_random
CAND_0107_RAND,107,random_baseline,False,OUT_OF_BOUNDS,34.40649778481766,,133.51555500460455,67.56182991484899,3.543110302048694,2.3892762397066667,3.7825761017110775,92.66385306982511,0.7355702052903137,8.465469259344856,134.05314395015495,68.0634663183642,11.20200342086402,2.3157490272817602,3.2462117116503704,105.14272385935654,0.20418566507558428,25.941028525472806,,,,,,,,,,,,,,,,,0.0,,,,,,uniform_random
CAND_0108_RAND,108,random_baseline,True,,46.10073613179016,57.25427956898364,127.13345239023187,59.56109970655126,6.078425122246057,3.9103341790961217,4.306441288113495,91.76312489417431,0.2503607688312861,23.768673510595278,138.55537139648698,60.17056473579217,5.6998329819469875,3.918020526553488,4.3362559648095775,109.31899660424631,0.2223380971214443,22.332062621194876,36.47125748502994,36.8,37.7,45.72656865691983,-0.019311377245514905,0.019311377245514905,12.30051128277853,1.6467065868263475,0.0,21525.184032947538,72,119,28001,5,72,0.0,0.08625449999817647,certified,0,45.00288228607326,,,uniform_random
CAND_0109_RAND,109,random_baseline,False,OUT_OF_BOUNDS,59.96842752814705,,121.08591325035869,55.27359486662871,9.374885622938681,4.023542389193839,3.0392949427333016,98.50060891900924,0.5278668404471651,37.72024969773767,139.9683785015272,60.72704835583801,7.549833612219293,2.9468434634640213,3.4176172633274993,111.52316204007374,0.38914336781236325,22.248177830409382,,,,,,,,,,,,,,,,,0.0,,,,,,uniform_random
CAND_0110_RAND,110,random_baseline,False,OUT_OF_BOUNDS,54.38109537547289,,126.30186331516727,69.48051268208474,9.154339062720446,2.2125866228575166,3.5350679860629066,106.26664780590784,0.7467427249116332,20.254768151277275,154.66793129720486,56.878529211372964,7.814029424102775,4.367314911680676,2.9647655980717236,96.81265932465456,0.5546903021277676,34.12632722419561,,,,,,,,,,,,,,,,,0.0,,,,,,uniform_random
CAND_0111_RAND,111,random_baseline,False,CONSTRUCTION_CONSTRAINT_VIOLATION,50.396962808761764,,131.70702147843315,67.60913054320532,11.193848811165333,2.1595084060374603,4.130335011157346,104.25684903569704,0.5935862051151909,24.173210603623968,134.16397646496006,66.24010721588921,7.976595870209922,3.2875869144976075,4.452264370599358,96.13920006087733,0.8308903746817975,26.223752205137796,,,,,,,,,,,,,,,,,0.0,,,,,,uniform_random
CAND_0112_RAND,112,random_baseline,True,,46.62804153736825,57.26066759342644,120.72618960001746,64.29855213032772,9.444340382344343,2.3695865514101677,2.983537686954636,93.52551189897655,0.8122497506916275,22.379181956943118,123.82245941172418,58.13647791145386,10.277212612188379,2.359478245265347,3.7984384815533803,104.7933568233869,0.22858483417291264,24.248859580425126,36.46182634730539,36.8,37.7,45.68810812639493,-0.028742514970062416,0.028742514970062416,12.763606312074785,1.7964071856287425,0.0,21657.010384342062,72,278,27842,14,72,0.0,0.09304019999399316,certified,0,45.00288228607326,,,uniform_random
CAND_0113_RAND,113,random_baseline,False,OUT_OF_BOUNDS,31.39366865017217,,121.29785148520953,68.56634528651261,6.999432931137133,2.678986981098153,3.936092680961652,106.36257615417756,0.32629446180894994,18.751389697586067,150.47761766143674,57.78276003591188,5.156100981530669,2.451906779535774,3.0154045038321633,110.80447393713416,0.6498013187061171,12.642278952586103,,,,,,,,,,,,,,,,,0.0,,,,,,uniform_random
CAND_0114_RAND,114,random_baseline,False,OUT_OF_BOUNDS,48.24104184527735,,115.03577661106796,61.13923011447769,8.919618220214883,4.118799519771069,3.277072581473446,92.31958693636788,0.394537629604496,36.73811924196234,130.5152454159934,64.74115292845612,3.6270284624760967,3.1714453642479024,3.3195040436676453,93.17441326094495,0.7730550538846384,11.502922603315014,,,,,,,,,,,,,,,,,0.0,,,,,,uniform_random
CAND_0115_RAND,115,random_baseline,True,,40.887976568489464,57.097896782084625,113.96309191867022,62.59542262108897,3.192651785104975,3.8172695504435064,3.900163829139334,100.33197634191423,0.8078928056200272,12.187212444450326,143.34447734968973,55.69415600763028,8.658494139828267,3.3147523877181246,4.278023590399182,91.3074772424923,0.5319725394135871,28.70076412403914,36.47125748502994,36.8,37.7,45.7279971303439,-0.019311377245514905,0.019311377245514905,12.554226361976077,1.4970059880239521,0.0,20221.994142122367,75,567,27553,0,75,0.0,0.10028110000712331,certified,0,45.03043785928526,,,uniform_random
CAND_0116_RAND,116,random_baseline,False,OUT_OF_BOUNDS,40.714252583761294,,123.47350214551754,68.00317470653316,5.373190007272678,3.3867602260229184,4.394718137294499,94.91722605149373,0.745103328612309,18.1977062034949,144.32627581756046,61.387351958662535,9.349872516023817,2.4082196138693357,4.001064137525887,101.52018132426133,0.4671651554885336,22.51654638026639,,,,,,,,,,,,,,,,,0.0,,,,,,uniform_random
CAND_0117_RAND,117,random_baseline,False,EXCEEDS_TOTAL_AREA,69.86625541183521,,115.00108978956312,62.39799322996674,10.048063501432404,2.6213826893551744,3.3087243952822862,110.23879007673078,0.44007916378200007,26.339819724196445,144.99237337743074,58.819403786373584,11.512070339659434,3.7809389973659964,3.9611985583596736,104.97258404237834,0.5041243538463378,43.52643568763877,,,,,,,,,,,,,,,,,0.0,,,,,,uniform_random
CAND_0118_RAND,118,random_baseline,False,CONSTRUCTION_CONSTRAINT_VIOLATION,37.15904632484765,,122.63008222563258,68.6291128512152,11.775737035207504,2.2685691201692055,4.172663953807748,99.01647528734884,0.3303757718770507,26.714073405304617,146.74737659612128,58.495673213084764,3.3769719955512256,3.0929995668614048,4.2002852239919655,102.68117154644784,0.34327048492851503,10.444972919543035,,,,,,,,,,,,,,,,,0.0,,,,,,uniform_random
CAND_0119_RAND,119,random_baseline,False,OUT_OF_BOUNDS,42.3757601733368,,116.93102541080262,65.09504690997144,7.892221588386579,2.540526546073022,3.6521633373761664,100.82038902024647,0.6813117556983621,20.050398452786695,142.11851626585172,71.09092936489162,7.457879529529944,2.9935267299708226,2.849740305557475,101.03463520192155,0.732436995055239,22.32536172055011,,,,,,,,,,,,,,,,,0.0,,,,,,uniform_random
CAND_0120_RAND,120,random_baseline,False,OUT_OF_BOUNDS,28.066202851858378,,118.92775742075854,57.00387526005803,6.111133280177085,2.2955656728563354,3.2657684284012998,91.46243279025576,0.6640702330655509,14.028507780224453,136.68566939619043,71.8416986587826,4.188298899478055,3.3516459566396515,3.5421329697882746,109.57447008445347,0.3972072823512349,14.037695071633927,,,,,,,,,,,,,,,,,0.0,,,,,,uniform_random
CAND_0121_RAND,121,random_baseline,False,OUT_OF_BOUNDS,55.67723370252317,,144.7433871827592,57.039588932057406,6.581543292949306,3.9739796266236844,3.908507606755288,101.55141466841161,0.20808858304035063,26.154918957922295,152.8197816583667,64.74881741867759,10.385162375015952,2.8427398319379216,3.4903042288226684,98.04835986461626,0.4837738369568982,29.522314744600873,,,,,,,,,,,,,,,,,0.0,,,,,,uniform_random
CAND_0122_RAND,122,random_baseline,False,OUT_OF_BOUNDS,52.41960324173024,,110.10458809900251,70.92157575415577,10.263180723337777,2.4319527914046413,3.0328985578280667,106.64791276179776,0.6187158699310624,24.95957100881161,112.35461505198923,70.4315050727694,7.282287659905081,3.770797517943222,3.373855570461118,111.02640669684826,0.8395190072384946,27.460032232918635,,,,,,,,,,,,,,,,,0.0,,,,,,uniform_random
CAND_0123_RAND,123,random_baseline,False,OUT_OF_BOUNDS,31.885262709211176,,111.8621125286629,55.614878197307284,7.663088382709268,2.7874336192337426,4.245712548883858,114.61567185385022,0.7907907951718878,21.36035018512334,115.68835365181297,66.23252468741971,5.079848413144752,2.071894999239207,3.989660453422955,114.28642696068928,0.5902043474718832,10.524912524087833,,,,,,,,,,,,,,,,,0.0,,,,,,uniform_random
CAND_0124_RAND,124,random_baseline,False,OUT_OF_BOUNDS,38.11994737005496,,124.20422911090112,56.19929975489773,4.581687864989171,2.4097128794014777,3.5011207173158967,93.70769360304133,0.7377308115839618,11.040552257661863,138.41664109474422,60.307737769972455,11.03148641793228,2.4547367495620596,4.35841599653722,111.66287094933381,0.48558205829313583,27.079395112393094,,,,,,,,,,,,,,,,,0.0,,,,,,uniform_random
CAND_0125_RAND,125,random_baseline,False,EXCEEDS_TOTAL_AREA,66.75580031871124,,111.10933460032005,67.82646522120493,8.255043185208926,3.700975981438324,2.80186866220476,94.91444636055104,0.33901712612451873,30.551716554194353,129.2855823516271,58.186025501670585,9.111758811218142,3.9733364891027882,3.526647091634588,96.68996163118605,0.8017596643495983,36.20408376451689,,,,,,,,,,,,,,,,,0.0,,,,,,uniform_random
CAND_0126_RAND,126,random_baseline,False,OUT_OF_BOUNDS,29.011004662666835,,111.55298668863541,71.13184395187915,6.309050230124499,2.1449999845125385,4.484532210275738,112.14414399626142,0.8319951863850601,13.532912645905878,120.10016216942685,70.39957411084583,5.0988394728320765,3.0356107697118526,3.753169808425301,106.3436658796579,0.3864380657354078,15.478092016760957,,,,,,,,,,,,,,,,,0.0,,,,,,uniform_random
CAND_0127_RAND,127,random_baseline,False,OUT_OF_BOUNDS,49.920573509652314,,113.6946964864684,61.13015397701545,9.19472434901643,3.375642408681089,3.7146336025843967,114.39234965904406,0.6155664760377199,31.03810144867248,149.77539522965662,65.78055438228012,5.771208694922636,3.2718401047586703,3.7827429484971344,106.59609796899906,0.5396802895808919,18.88247206097983,,,,,,,,,,,,,,,,,0.0,,,,,,uniform_random
CAND_0128_RAND,128,random_baseline,False,OUT_OF_BOUNDS,44.241073971001335,,129.04472261921418,56.88230290794507,11.811557412291384,2.5370366941767815,4.4061687109981325,110.04538912434127,0.7303728600245001,29.96635457035899,145.470077440793,64.993459379349,5.632380314552206,2.5344026154912154,3.7232524148159554,91.25802246737378,0.6590625098677487,14.274719400642345,,,,,,,,,,,,,,,,,0.0,,,,,,uniform_random
CAND_0129_RAND,129,random_baseline,False,OUT_OF_BOUNDS,43.79677217602567,,114.54273846474844,55.849267828361825,9.734570421878418,2.618594931948069,3.3567979099901013,111.59699268437409,0.2849777762798579,25.4908967714224,129.45067311489606,59.377249823355946,9.036464946388229,2.025778389360091,2.83339891529234,112.72888642721578,0.3008719460732776,18.305875404603267,,,,,,,,,,,,,,,,,0.0,,,,,,uniform_random
CAND_0130_RAND,130,random_baseline,False,EXCEEDS_TOTAL_AREA,62.64419946666146,,126.72270076591315,65.7493338817671,10.204235569199602,3.548404372570727,2.9673392085638546,108.5894604327243,0.3255779925259439,36.20875411248961,146.80147430084614,67.78447946741738,5.973099067173658,4.425750361224218,2.8445520800111406,109.0934151439294,0.5265689254468764,26.435445354171858,,,,,,,,,,,,,,,,,0.0,,,,,,uniform_random
CAND_0131_RAND,131,random_baseline,False,OUT_OF_BOUNDS,42.80479120493988,,125.15311217966811,66.13925272932138,10.104619749125792,2.5576802968864403,3.827561047964197,100.17098687802616,0.23141064885516882,25.844386839868644,129.23069970315586,67.19231777255335,4.196398922634167,4.041656829523929,3.9825655525803425,99.73196976108774,0.7013495991092147,16.960404365071238,,,,,,,,,,,,,,,,,0.0,,,,,,uniform_random
CAND_0132_RAND,132,random_baseline,False,OUT_OF_BOUNDS,24.39547229115356,,123.31898137838344,69.77919970362005,4.24068225735633,2.4406267340574157,3.231064876866346,94.67283568365053,0.3716599196693029,10.349922487946808,130.3126318643247,64.82723781375273,6.0357700368640534,2.327051845484866,4.291779480196057,110.57020494377491,0.2976776931487647,14.045549803206754,,,,,,,,,,,,,,,,,0.0,,,,,,uniform_random
CAND_0133_RAND,133,random_baseline,False,OUT_OF_BOUNDS,43.75310366053291,,115.16302203044233,62.10045294118357,3.832510751142222,4.205875686708239,3.3991982845062694,108.63507148977229,0.44121067812232884,16.119063787277003,140.79183902898632,64.40828317814162,7.720880347012686,3.579130698994434,3.5675250646766554,114.12251729039632,0.8475530246698466,27.634039873255904,,,,,,,,,,,,,,,,,0.0,,,,,,uniform_random
CAND_0134_RAND,134,random_baseline,False,OUT_OF_BOUNDS,22.87202787948961,,121.36896059172001,66.16813226249442,3.227957895026229,3.9873088307621085,3.954981453003115,97.05474023653319,0.3866060529166861,12.87086502016635,128.7714251134891,55.67975185063571,3.6850620607168816,2.713974064626109,3.0732755946162036,105.55854460130826,0.2965520638583689,10.00116285932326,,,,,,,,,,,,,,,,,0.0,,,,,,uniform_random
CAND_0135_RAND,135,random_baseline,False,OUT_OF_BOUNDS,34.956531904485516,,128.96108189120523,63.95996921554583,4.369999259186367,4.034716510166774,4.138867856082476,96.81828415320824,0.3282448585019572,17.631708160455805,136.04925502744697,69.46376845462115,5.943504536049678,2.9149172241642756,3.3927161822960237,95.87409262658606,0.24818839927894612,17.324823744029707,,,,,,,,,,,,,,,,,0.0,,,,,,uniform_random
CAND_0136_RAND,136,random_baseline,False,EXCEEDS_TOTAL_AREA,72.08317127521202,,127.62938903502219,70.27384558068636,11.991744932700879,4.313072327078415,4.478539089197786,94.66557374111721,0.8472001157784141,51.72126322261497,138.35464151704952,62.64531311304812,6.398680493441396,3.1822042174895078,3.216849579506163,114.91932227993033,0.4704886033011699,20.361908052597055,,,,,,,,,,,,,,,,,0.0,,,,,,uniform_random
CAND_0137_RAND,137,random_baseline,False,OUT_OF_BOUNDS,33.3334782487951,,117.31855153365274,68.42605655006574,4.320597665158036,3.6221854301926566,4.425527975963342,112.5573384143127,0.4642571755600868,15.650005912459847,132.1907011750593,59.42177128219615,4.044600671537575,4.3721182317889475,3.720873289808168,110.68837714974363,0.5823593951068264,17.683472336335253,,,,,,,,,,,,,,,,,0.0,,,,,,uniform_random
CAND_0138_RAND,138,random_baseline,False,EXCEEDS_MAX_DIMENSIONS,54.30097269429688,,114.33560896538697,59.645654976370004,10.967989544891733,3.8885444708242103,3.0968474635035053,102.99510858453642,0.32639411527302215,42.64951510084649,118.47226193178588,56.059743172768954,3.9155001273992807,2.9757265264576604,3.0702908609716224,111.41943275136367,0.3618679422914659,11.651457593450388,,,,,,,,,,,,,,,,,0.0,,,,,,uniform_random
CAND_0139_RAND,139,random_baseline,False,EXCEEDS_TOTAL_AREA,73.25874805171222,,128.58616005600715,69.19390468396581,9.679841172104844,3.435978071160857,3.4356529423939333,101.70428916244191,0.20153455674286186,33.25972199967225,153.06002073976518,69.97979537008761,9.727974872356533,4.111752608007147,3.465007102964458,114.53162607048236,0.4885277710408235,39.999026052039966,,,,,,,,,,,,,,,,,0.0,,,,,,uniform_random
CAND_0140_RAND,140,random_baseline,True,,49.074194097806185,57.34033959538928,114.44413557144327,59.117243566507916,7.093265793128839,3.2798971692855283,3.6500435364140222,105.96965801991692,0.3136327817431158,23.265182395873147,147.12365966719818,56.489042802368076,10.674098210541839,2.417910271468536,3.463044858910274,111.16861099088354,0.4596141368772513,25.809011701933034,36.46811377245509,36.8,37.7,45.71019870252711,-0.022455089820361707,0.022455089820361707,12.393143470071777,1.6467065868263475,0.0,22268.548524451544,94,488,27632,0,94,0.0,0.09449009998934343,certified,0,49.95224187595744,,,uniform_random
CAND_0141_RAND,141,random_baseline,False,EXCEEDS_TOTAL_AREA,80.85638907167306,,134.73095619699532,65.02176847630005,11.769494073688028,4.4433648745035885,3.9193696824401654,105.92234967247903,0.278444610139337,52.29615655770353,135.71088216121706,60.46228973692334,7.1935907179652565,3.9702331747402964,3.119350981204356,110.46917764962285,0.43738667815350796,28.560232513969527,,,,,,,,,,,,,,,,,0.0,,,,,,uniform_random
CAND_0142_RAND,142,random_baseline,False,OUT_OF_BOUNDS,38.49528785687678,,113.88216643865674,60.73673549050722,7.061047413044396,3.0797099240297654,3.633233602998793,113.88045340613853,0.3791480886202499,21.74597779199753,128.60753836750752,55.676278410780746,3.869062488757255,4.329035809979677,3.1629710915785063,110.17164030207383,0.6007474009359058,16.74931006487925,,,,,,,,,,,,,,,,,0.0,,,,,,uniform_random
CAND_0143_RAND,143,random_baseline,False,OUT_OF_BOUNDS,48.90196506622643,,125.64688900699913,57.67576304058235,11.520098822800144,2.9013012319004017,4.1342567871688,94.08546734739113,0.6960779694812429,33.42327690620442,140.07664132953062,64.71923453687008,4.824352339845073,3.208448941877882,3.269048636824615,114.0893292387494,0.48827172798272317,15.47868816002201,,,,,,,,,,,,,,,,,0.0,,,,,,uniform_random
CAND_0144_RAND,144,random_baseline,True,,24.476764725496782,56.606458630387664,125.06776043288966,61.86269025417655,3.5479264414580354,3.9051027797945554,3.565428984812338,94.27196338650269,0.5762621544488848,13.855017409044379,151.80417341381485,58.56110893405629,3.4735924608041535,3.057856509163835,2.9836903043704788,112.9463030942664,0.6666418491522873,10.621747316452403,36.472155688622756,36.8,37.7,45.732472794309516,-0.018413173652696457,0.018413173652696457,12.693082241525758,1.0479041916167664,0.0,16119.191181374195,55,543,27577,0,55,0.0,0.09909439999319147,certified,0,49.95224187595744,,,uniform_random
CAND_0145_RAND,145,random_baseline,False,OUT_OF_BOUNDS,47.678157166565924,,127.73638969174424,55.964467268750354,3.2005490296148844,3.61239887563963,4.238398702002162,90.30088501260904,0.6506536364371942,11.561659716010317,145.829410754352,68.88423855421614,9.825800740288882,3.675679815332157,3.8452348845732107,108.32614196169209,0.5665916132842598,36.116497450555606,,,,,,,,,,,,,,,,,0.0,,,,,,uniform_random
CAND_0146_RAND,146,random_baseline,False,EXCEEDS_TOTAL_AREA,61.419436003156605,,126.01505167999547,59.39309020927809,8.890726351260469,2.8643199277374496,2.8312945634773805,102.72486476143735,0.5860889688908169,25.465884659975824,153.96269301963298,63.1963872020532,8.090917969208794,4.443692480878862,3.404339612186792,108.7447546387433,0.5785419219737706,35.953551343180784,,,,,,,,,,,,,,,,,0.0,,,,,,uniform_random
CAND_0147_RAND,147,random_baseline,False,OUT_OF_BOUNDS,52.69515470500613,,115.2816734364389,71.30069862198212,5.093982390340555,2.6274239641944366,3.828721138070625,108.4245177517179,0.6770894931103645,13.384051405565232,148.50262537841016,57.23051530266352,11.795509576003854,3.332717679227126,3.3212105937503855,106.27728434897477,0.33695306788787593,39.3111032994409,,,,,,,,,,,,,,,,,0.0,,,,,,uniform_random
CAND_0148_RAND,148,random_baseline,False,OUT_OF_BOUNDS,31.809945777413667,,135.06939066621257,63.87536274649633,3.7926247675428324,3.9633298809772635,3.602120104609339,102.66396925001688,0.41368066916906965,15.031423068536956,142.29068063058466,63.765463308619175,4.292880813848034,3.90845295652102,3.6991063862425286,107.76540676642077,0.5041932181466121,16.77852270887671,,,,,,,,,,,,,,,,,0.0,,,,,,uniform_random
CAND_0149_RAND,149,random_baseline,False,OUT_OF_BOUNDS,27.092931887373744,,110.10318500839934,55.41241880758742,3.1703604235930647,3.94933457668294,3.8183241852393435,99.00812093628099,0.4740450628192888,12.520814041443263,124.56653457280854,63.92902007655836,3.683936767583426,3.955583052933192,4.067830987630588,94.93494409352441,0.5922135849132903,14.572117845930482,,,,,,,,,,,,,,,,,0.0,,,,,,uniform_random
CAND_0150_RAND,150,random_baseline,False,EXCEEDS_TOTAL_AREA,74.88832317901245,,127.91434227111849,60.536928180831474,10.923409429340861,3.9333920544479226,3.7369907753064573,108.93711562877462,0.4707068521079052,42.96605185685086,151.99757503424397,66.37890381606948,9.218824890468266,3.4627267250913256,3.1590534314704417,90.28928420840164,0.5990068972845153,31.922271322161578,,,,,,,,,,,,,,,,,0.0,,,,,,uniform_random
CAND_0151_RAND,151,random_baseline,False,EXCEEDS_TOTAL_AREA,72.35201819248147,,123.81896956175007,71.25446803959414,8.196134148978594,3.198599285124911,2.806979369636789,104.78713568783189,0.6485519074710372,26.2161488297108,148.01710482721867,62.8850416278307,11.61922056917736,3.970650964760632,3.4821795777066797,110.4817355713111,0.2772330143944873,46.13586936277066,,,,,,,,,,,,,,,,,0.0,,,,,,uniform_random
CAND_0152_RAND,152,random_baseline,False,OUT_OF_BOUNDS,45.811776412909026,,117.95254601602272,68.38925823903544,8.946399574433306,2.77296053835002,3.3465855644119533,101.83889213352619,0.7680296771326907,24.80801298021497,148.0712950223661,71.82872876801,9.942257883545977,2.11257479726556,3.2545734834474858,97.38619655221528,0.5113018837506718,21.00376343269406,,,,,,,,,,,,,,,,,0.0,,,,,,uniform_random
CAND_0153_RAND,153,random_baseline,False,PANEL_COLLISION,47.53139450558775,,130.1921360425526,56.36492295802902,11.897394242014718,2.6142898646069934,3.019272816217928,94.06122440897141,0.7395718241249507,31.10323718213268,133.10133306948197,55.59978561800457,4.573837465089005,3.5917667492225553,3.075589941705012,98.78437980436226,0.530538916101869,16.428157323455068,,,,,,,,,,,,,,,,,0.0,,,,,,uniform_random
CAND_0154_RAND,154,random_baseline,False,EXCEEDS_TOTAL_AREA,71.6472324590955,,123.48165796178375,69.08747564099357,10.946076245030271,4.094305025454343,2.8896221524648413,99.03214123919682,0.7356780414325401,44.816574979033845,137.26686305378578,56.37499862762279,11.98050486422571,2.2395264460164053,3.2443900219453377,109.74910226973131,0.6703776946985659,26.83065748006166,,,,,,,,,,,,,,,,,0.0,,,,,,uniform_random
CAND_0155_RAND,155,random_baseline,False,OUT_OF_BOUNDS,19.976438186714994,,123.20307912612584,68.87074651219066,5.419423678678861,2.0347319922901095,3.301817573257606,102.21842140744148,0.5543350882521312,11.027074738782433,153.82329533580636,63.51921190509425,4.19396006977196,2.1338694930443545,3.3514213221722673,112.75422094764708,0.3904193979251702,8.949363447932559,,,,,,,,,,,,,,,,,0.0,,,,,,uniform_random
CAND_0156_RAND,156,random_baseline,False,EXCEEDS_TOTAL_AREA,84.61418969967144,,114.05104988265762,67.51954618634319,10.534033188702136,3.483157625136415,4.240689565358639,101.7618113418151,0.49911204972816436,36.69169802466791,142.91125822311972,69.91069461228614,11.552626522075258,4.148190161209762,3.493682916995838,99.24257040363901,0.7735375636778552,47.92249167500353,,,,,,,,,,,,,,,,,0.0,,,,,,uniform_random
CAND_0157_RAND,157,random_baseline,False,EXCEEDS_TOTAL_AREA,61.56911606295374,,114.59605673860032,68.51930356352261,11.735509653867286,2.6899484141533083,3.7152394290667,112.43819062483055,0.5104581380301563,31.567915582701147,148.96667680721134,58.62022949001339,7.384514639127907,4.06271799114419,3.3003537143721546,90.6778446827836,0.6774860047721578,30.001200480252596,,,,,,,,,,,,,,,,,0.0,,,,,,uniform_random
CAND_0158_RAND,158,random_baseline,True,,50.35036805683215,57.37278649080675,111.31830590173425,61.91730663444337,6.411933663518672,3.3557060872865776,4.412419981628976,91.75362948371978,0.24931598795246887,21.516564825947334,122.78818232832998,63.414262908658706,10.122693841739041,2.8484318188103255,3.193283008759408,102.92990943375708,0.8037288345302398,28.83380323088482,36.462275449101796,36.8,37.7,45.69016477038513,-0.028293413173656745,0.028293413173656745,12.77213258774259,1.9461077844311379,0.0,22587.592014208036,65,493,27627,8,65,0.0,0.09623940000892617,certified,0,44.96527788910987,,,uniform_random
CAND_0159_RAND,159,random_baseline,False,OUT_OF_BOUNDS,52.34894747444888,,117.31258539713632,69.46778480371735,6.272181630173536,3.4315498990612894,2.948815879956155,94.2045951515664,0.2132556737826468,21.523304239916072,128.5974515409265,57.39058860932548,7.061839993715328,4.3651007757137,3.7155774281825806,105.88403065548961,0.7050352383259444,30.82564323453281,,,,,,,,,,,,,,,,,0.0,,,,,,uniform_random
CAND_0160_RAND,160,random_baseline,False,OUT_OF_BOUNDS,52.238412343641116,,125.05934262618888,65.49051707995861,10.657673741123679,2.370405962284246,3.5637642693730887,102.82230431730694,0.29648724434150725,25.263013380039812,141.21186465400964,63.94842624223671,8.453898634580241,3.1908827074481128,4.016038416080332,113.19972517804088,0.7987551094475829,26.975398963601304,,,,,,,,,,,,,,,,,0.0,,,,,,uniform_random
CAND_0161_RAND,161,random_baseline,False,EXCEEDS_TOTAL_AREA,67.4032517142044,,117.85513131184044,57.32125701684144,10.563181388037057,4.279639986950041,4.087125795195527,95.40763000806193,0.4039824653979087,45.20661345764983,145.03595268127955,56.34462777301979,8.815728106678975,2.5178451499358236,3.0974098250826345,94.85404932536639,0.4353653119645485,22.19663825655458,,,,,,,,,,,,,,,,,0.0,,,,,,uniform_random
CAND_0162_RAND,162,random_baseline,False,OUT_OF_BOUNDS,23.946594302140376,,122.52699179560834,71.150650885165,3.866575954307072,2.959624312310061,2.9831020900178378,108.92321000056543,0.3757685575738927,11.443612199760686,145.42170703984266,65.24197642970402,3.1890196612043846,3.9206350009324606,3.6101307887530014,100.18777406696596,0.20373011388021622,12.502982102379688,,,,,,,,,,,,,,,,,0.0,,,,,,uniform_random
CAND_0163_RAND,163,random_baseline,False,EXCEEDS_TOTAL_AREA,60.31979492071346,,122.17236271855585,66.23369160764592,4.550222400105678,3.7215911671554043,3.1764086477688935,105.19543315578176,0.7235975357498639,16.934067492825957,152.27395205480846,67.8183657988656,10.514437048909224,4.1263005547585045,4.188901565787718,106.85158752637761,0.8493207562843448,43.3857274278875,,,,,,,,,,,,,,,,,0.0,,,,,,uniform_random
CAND_0164_RAND,164,random_baseline,False,PANEL_COLLISION,38.53960992235129,,144.08304807840537,58.7625163437626,8.741116919353965,3.2266711671469004,3.3357735069302694,93.56479557647326,0.5382683085964209,28.204709932339377,148.06610331649253,59.86253502465289,4.509263549208816,2.2919263594218724,4.052059294744104,112.72024260935852,0.5770148213523945,10.334899990011913,,,,,,,,,,,,,,,,,0.0,,,,,,uniform_random
CAND_0165_RAND,165,random_baseline,True,,32.41718891027874,56.84826417030237,124.17904877168358,61.505464218601965,8.241311531760296,2.5840283568872535,3.3221346702473746,107.57513581933301,0.26893976426051863,21.29578269601053,139.98178798910618,56.974585540370796,5.296201048950994,2.0998836923819195,3.9192029847497043,104.03431256618717,0.2985299940095205,11.121406214268209,36.47574850299401,36.8,37.7,45.74488267695023,-0.014820359281443984,0.014820359281443984,12.585419273545142,1.1976047904191618,0.0,18104.297227569685,78,408,27712,0,78,0.0,0.09493069999734871,certified,0,45.01885253642536,,,uniform_random
CAND_0166_RAND,166,random_baseline,False,OUT_OF_BOUNDS,50.95017057528211,,128.78371064297158,63.131052779786486,7.545947970943997,4.254815518754445,3.9136714572183147,113.15264792262036,0.8298185395238782,32.106616530486136,133.89153181453582,69.01774739227214,4.83116278343155,3.9004179510199597,2.859606349069732,93.16277718527613,0.5174449122691753,18.843554044795972,,,,,,,,,,,,,,,,,0.0,,,,,,uniform_random
CAND_0167_RAND,167,random_baseline,False,EXCEEDS_TOTAL_AREA,61.27115110762389,,134.19110449840036,71.5376552509709,9.57370582053642,3.0407020994527563,2.932376973101375,95.74860373053117,0.8139676417120252,29.110787388048163,136.2634590448431,65.63054400092756,10.493075291153346,3.064913080981126,3.134760837720897,105.64519794673255,0.20448593395280273,32.16036371957573,,,,,,,,,,,,,,,,,0.0,,,,,,uniform_random
CAND_0168_RAND,168,random_baseline,False,PANEL_COLLISION,38.995896628473346,,123.81026249570763,64.1500423367281,7.286458512842986,2.090726362276035,3.157834116882919,113.6180508185707,0.7273651999780839,15.233990900431465,124.65798588056435,63.66089993364935,10.28046697477534,2.311364433769912,3.503228822730895,107.92894030990529,0.4154335786806303,23.761905728041885,,,,,,,,,,,,,,,,,0.0,,,,,,uniform_random
CAND_0169_RAND,169,random_baseline,False,EXCEEDS_TOTAL_AREA,66.52464931214121,,118.40049023012088,69.4869954501072,7.148303556374014,3.1375350995052966,2.875518348020959,96.31728024278448,0.29809621032402933,22.428053310042007,122.15935991298718,68.63822703038296,11.264209994316037,3.9147526568086453,4.138449392849938,108.66012761744817,0.6923235093178506,44.0965960020992,,,,,,,,,,,,,,,,,0.0,,,,,,uniform_random
CAND_0170_RAND,170,random_baseline,False,EXCEEDS_TOTAL_AREA,63.85564796184026,,130.61736723695202,68.35322755477804,7.045517851325744,4.34772628189968,3.3061342412777135,93.93711600718166,0.2635275759476534,30.631983131802304,144.24195992989104,65.96083552138049,11.454168289689578,2.900574183107132,4.367222201490643,114.4427371298003,0.3836898321828615,33.22366483003796,,,,,,,,,,,,,,,,,0.0,,,,,,uniform_random
CAND_0171_RAND,171,random_baseline,False,OUT_OF_BOUNDS,49.02763014924732,,110.22984619741852,55.79115445269962,7.70213020481892,3.6137435847700434,4.3148608407763085,90.49123799679978,0.7274090195618645,27.833523616727955,125.65870755796274,70.30551079883351,8.719998672387895,2.43051717423204,3.8501809279898005,99.45753671126566,0.4685075788431289,21.194106532519367,,,,,,,,,,,,,,,,,0.0,,,,,,uniform_random
CAND_0172_RAND,172,random_baseline,False,EXCEEDS_TOTAL_AREA,62.751119025485565,,113.99213653417357,62.32400650010475,10.380532040203189,2.7560226912287833,4.381231431302874,113.739653281923,0.7318049155142952,28.608981849827405,120.57765012206467,63.94475867382317,7.644718113694499,4.466108058908941,3.6111052843295415,106.14457498775981,0.6940454186160223,34.14213717565816,,,,,,,,,,,,,,,,,0.0,,,,,,uniform_random
CAND_0173_RAND,173,random_baseline,False,OUT_OF_BOUNDS,26.617629374545963,,119.73751103443726,55.812064648367375,4.9793540318872545,3.058345645319369,4.132325174182929,101.83657129631244,0.4207576658487937,15.228585719925828,136.02396969849747,55.66778810529763,4.380569768830514,2.599900071369182,3.586707341310728,100.33617268658213,0.8381024165853501,11.389043654620135,,,,,,,,,,,,,,,,,0.0,,,,,,uniform_random
CAND_0174_RAND,174,random_baseline,False,EXCEEDS_TOTAL_AREA,60.2884525229202,,128.58090626074681,62.982067736385645,8.97774799256366,4.1972951285935505,3.710299313343402,90.67556569222891,0.27018775299883296,37.68225791492798,139.90847195095085,64.73242556679003,7.038694978208169,3.2117025496886997,3.284628230689849,109.03924295495361,0.3253648891895047,22.606194607992222,,,,,,,,,,,,,,,,,0.0,,,,,,uniform_random
CAND_0175_RAND,175,random_baseline,False,OUT_OF_BOUNDS,46.682873421251855,,127.1498958949538,66.72393051226578,3.494221412492996,2.155386536305645,4.163013225497495,110.442400953958,0.40588539107730165,7.531397787358296,131.23823627589974,68.9016385784657,8.728946192415492,4.4852465315815495,4.280441729769203,100.93711372624797,0.40933736017236244,39.15147563389356,,,,,,,,,,,,,,,,,0.0,,,,,,uniform_random
CAND_0176_RAND,176,random_baseline,False,OUT_OF_BOUNDS,41.2808022600791,,113.36717262438879,71.6415859395535,4.573209774942351,3.696414356900114,4.176221944841949,104.9770426425444,0.3209836612774404,16.904478269212845,128.4436560148889,56.784492934851215,5.857473514954567,4.161576476382127,4.191330494715926,97.82336938640395,0.7990131097515278,24.376323990866258,,,,,,,,,,,,,,,,,0.0,,,,,,uniform_random
CAND_0177_RAND,177,random_baseline,False,OUT_OF_BOUNDS,45.571255757559506,,149.43132057348862,65.8231540706654,6.350347792294732,3.108158036853893,3.4560829076133848,113.02971577217707,0.2263292380600509,19.737884527438247,149.70829276793737,69.83591996717708,6.612397331607019,3.906808670833902,3.9488720497267025,90.43017030346505,0.5979580920642475,25.83337123012126,,,,,,,,,,,,,,,,,0.0,,,,,,uniform_random
CAND_0178_RAND,178,random_baseline,False,EXCEEDS_TOTAL_AREA,66.2106666588534,,123.57380912697107,62.766570031980464,9.617243459448824,3.3272369379746847,4.353969037711753,110.07877265665728,0.2163577991235327,31.99884767977357,147.97809888418521,64.19732626010956,9.357429099001502,3.6561130858827946,3.0619428580565105,93.12174930775689,0.7820849040164932,34.21181897907984,,,,,,,,,,,,,,,,,0.0,,,,,,uniform_random
CAND_0179_RAND,179,random_baseline,False,OUT_OF_BOUNDS,39.671931476697864,,142.78899326665325,70.40549647857151,5.498744879837367,3.9134506274869656,3.2643684518142466,113.67931576042146,0.5311179796344466,21.519066600390282,148.66771299151782,60.91244889597143,8.518721101621045,2.1309378085935036,3.613241424952737,100.9970126842176,0.21633603505244361,18.152864876307586,,,,,,,,,,,,,,,,,0.0,,,,,,uniform_random
CAND_0180_RAND,180,random_baseline,False,OUT_OF_BOUNDS,46.115030724944155,,111.55010453929407,65.02763480872622,6.63156524226878,3.9344975627016168,3.0068690063784933,105.95478321439354,0.27236330258498836,26.091877282603274,134.29314559431236,66.66240711957687,9.817228924098096,2.039593208750645,4.060936764269801,105.32875004568957,0.2724073038733152,20.02315344234088,,,,,,,,,,,,,,,,,0.0,,,,,,uniform_random
CAND_0181_RAND,181,random_baseline,True,,44.21967887694739,57.19470413876351,117.98868408974754,62.96899615628265,4.734712887558172,3.2893402311478557,4.263762912389806,100.23549291454908,0.6932881394329429,15.574081583979329,137.68325112084,58.57562149660902,9.169294883656015,3.1240785312759387,3.9979144339207737,98.36870693519253,0.8116154277863645,28.645597292968063,36.46811377245509,36.8,37.7,45.71358500648672,-0.022455089820361707,0.022455089820361707,12.382933718130062,1.7964071856287425,0.0,21054.91971923685,75,338,27782,0,75,0.0,0.09748289998969994,certified,0,51.59764296559143,,,uniform_random
CAND_0182_RAND,182,random_baseline,False,OUT_OF_BOUNDS,43.87485775007929,,115.73862844314976,70.18669719050445,3.209633568176119,2.777497686239533,3.1465030479610987,107.07991507403216,0.8229773402194565,8.914749809285906,126.88630533812164,68.95319132290244,9.253885337868525,3.7778842793448586,3.171579326232138,105.06883242584748,0.6744118352291486,34.960107940793385,,,,,,,,,,,,,,,,,0.0,,,,,,uniform_random
CAND_0183_RAND,183,random_baseline,False,EXCEEDS_TOTAL_AREA,65.68382168847563,,110.8065892196222,55.056250652741376,9.687787012613676,3.2297424406199045,4.029512837691584,110.17974407545915,0.7239329257119016,31.289056870324707,146.98136815004133,56.81122956965658,11.748496903777873,2.927588533226822,3.2681881397602743,107.40087161692078,0.44617676892593927,34.394764818150925,,,,,,,,,,,,,,,,,0.0,,,,,,uniform_random
CAND_0184_RAND,184,random_baseline,False,EXCEEDS_MAX_DIMENSIONS,57.68174338591364,,120.51546817306756,56.3610969072921,6.506539670470293,2.4293422231546145,2.962130590242999,92.6228899736589,0.744016354340693,15.806611548103993,130.65806614359548,66.85529543596665,10.652693092627441,3.9309432341377373,3.958961694597388,103.43481761410249,0.5696634121523743,41.87513183780965,,,,,,,,,,,,,,,,,0.0,,,,,,uniform_random
CAND_0185_RAND,185,random_baseline,False,OUT_OF_BOUNDS,25.231791265438723,,136.23812657264975,67.55429537334346,4.488612819621637,2.9926018642805574,3.2999139060011924,103.97332107726459,0.5522710977669197,13.43263109203332,143.91937490387,55.20465690425472,5.8767586552825914,2.0077666730110133,4.029984442084678,111.19437411013438,0.7702414542178138,11.799160173405404,,,,,,,,,,,,,,,,,0.0,,,,,,uniform_random
CAND_0186_RAND,186,random_baseline,False,OUT_OF_BOUNDS,38.52727408813981,,136.44589387349973,56.533392662726094,7.045694223919355,3.9379664372894507,3.610857436184519,90.0322584533952,0.7533797659087851,27.745707381198564,143.6792605998413,67.2006189574794,4.771201812140646,2.259717180586833,3.4510525618839774,104.09418994061635,0.5544761880242086,10.781566706941248,,,,,,,,,,,,,,,,,0.0,,,,,,uniform_random
CAND_0187_RAND,187,random_baseline,False,OUT_OF_BOUNDS,59.38261337143464,,126.52425701817134,56.384281027741046,7.881046114886241,3.7549472633179573,4.173863673670231,98.98402672320097,0.20289727872146618,29.592912541174712,137.40108844732762,63.011986332269416,11.023278615360852,2.7024356246197216,4.389919146210711,100.41345650831457,0.6145006097998154,29.789700830259925,,,,,,,,,,,,,,,,,0.0,,,,,,uniform_random
CAND_0188_RAND,188,random_baseline,False,EXCEEDS_TOTAL_AREA,63.12470304899257,,119.62670642374908,57.734344945944756,9.829125155140899,4.411747748809759,4.288820855280386,100.89428041123885,0.6754183155275164,43.36362077596223,126.68315796876098,57.26923552788668,5.750058022397453,3.436675281546302,4.2981494648594385,95.71198686363482,0.4600918226495768,19.76108227303034,,,,,,,,,,,,,,,,,0.0,,,,,,uniform_random
CAND_0189_RAND,189,random_baseline,False,OUT_OF_BOUNDS,50.194293123092095,,113.54182379580337,70.69699012237416,6.78048198773771,3.4295990729747494,4.382367364226178,98.08402153164198,0.6341895704556078,23.254334739467236,121.69094835400414,62.19469843884445,7.966562814580888,3.3816288166733224,3.1565896868059173,101.09040313249288,0.6587455804593576,26.93995838362486,,,,,,,,,,,,,,,,,0.0,,,,,,uniform_random
CAND_0190_RAND,190,random_baseline,False,OUT_OF_BOUNDS,48.20100653710055,,133.00679909468883,57.77445415578482,9.150151775580682,3.3168457879923015,4.490851186214433,112.00301508607974,0.38017873528007395,30.34964237632506,147.1061031245013,65.27981932355353,5.854857548654897,3.04898351709286,4.43530272773131,107.42375658178096,0.4330504321356949,17.851364160775486,,,,,,,,,,,,,,,,,0.0,,,,,,uniform_random
CAND_0191_RAND,191,random_baseline,False,OUT_OF_BOUNDS,42.04648373723015,,129.2789393695004,56.074507766832696,3.5869911346561207,2.4553319647797234,3.0995892432067786,107.87689500644456,0.7297341934468027,8.807253990302662,135.18327271414728,68.29643906348109,7.930078375934388,4.1915386167934265,2.8171630995966113,90.37310797680179,0.6455310777104972,33.239229746927485,,,,,,,,,,,,,,,,,0.0,,,,,,uniform_random
CAND_0192_RAND,192,random_baseline,False,OUT_OF_BOUNDS,51.01823925749211,,141.66203457621558,67.54407200468104,10.3207326435792,2.457350477557155,4.269795907825525,99.74073229750407,0.23399517847790227,25.361657290439066,142.38044072646449,64.39528214798256,10.408433476855912,2.4649801551888437,3.681144957277059,95.75019377829139,0.31774639774373886,25.656581967053043,,,,,,,,,,,,,,,,,0.0,,,,,,uniform_random
CAND_0193_RAND,193,random_baseline,False,EXCEEDS_TOTAL_AREA,80.37247624086588,,119.26954856164727,68.95110415550297,10.187523560215679,3.728084516779848,4.126134291855658,92.65521090985811,0.6700400169895624,37.979948849169986,144.26931365988105,64.6626892991448,9.502004710172857,4.461429843989701,4.377932408923714,90.7624621841419,0.5201036541102029,42.39252739169589,,,,,,,,,,,,,,,,,0.0,,,,,,uniform_random
CAND_0194_RAND,194,random_baseline,False,OUT_OF_BOUNDS,38.2866021525671,,131.22999097930665,68.88762328049839,9.061165822040326,2.2378278036152492,3.092113988709757,102.76366795217736,0.22441135563409922,20.27732880973007,142.5351045494849,67.67029947109535,8.727488069212695,2.0635116542143424,4.29153455207444,98.36166020392423,0.7520421224611635,18.009273342837027,,,,,,,,,,,,,,,,,0.0,,,,,,uniform_random
CAND_0195_RAND,195,random_baseline,True,,39.87055219654775,57.06647584733355,121.03438625751426,60.30873789926082,5.497016746196191,3.6616559412273944,4.3924074339771355,103.37725579525834,0.5493774371710085,20.128184027735763,153.8072109794517,56.67077708300801,5.801743976811789,3.402833397633127,4.205460795112984,101.84865741414865,0.7535422930908036,19.74236816881199,36.47035928143712,36.8,37.7,45.72258700793063,-0.020209580838333352,0.020209580838333352,12.534905232005201,1.4970059880239521,0.0,19967.638049136935,82,442,27678,0,82,0.0,0.08225429999583866,certified,0,49.95224187595744,,,uniform_random
CAND_0196_RAND,196,random_baseline,False,EXCEEDS_TOTAL_AREA,93.91276915409757,,115.27268899979254,58.01583389705007,10.999627069829451,4.469613414654696,3.5627253042097884,102.59690447888613,0.30069118494890446,49.164080707508646,139.83226134506864,60.354890585621156,10.085446854651202,4.436956447393478,3.110573524241965,101.76111351041575,0.46069614895355543,44.74868844658893,,,,,,,,,,,,,,,,,0.0,,,,,,uniform_random
CAND_0197_RAND,197,random_baseline,True,,52.600904939156976,57.43730858530046,110.24067150156351,67.75947767340601,9.893429699601192,2.254009149747014,3.0148807255259342,108.15978247525976,0.7059704256793236,22.299881065279937,134.71076003974918,61.3284298556341,10.399048348035429,2.9138266175675063,3.512826786465256,110.64990301706739,0.2495231920525986,30.301023873877035,36.459281437125746,36.8,37.7,45.67897018150011,-0.031287425149706394,0.031287425149706394,12.83290702032474,1.9461077844311379,0.0,23150.226234789247,102,660,27460,0,102,0.0,0.09864880000532139,certified,0,49.95224187595744,,,uniform_random
CAND_0198_RAND,198,random_baseline,False,PANEL_COLLISION,32.06376948264453,,111.898369520684,63.5322388055142,8.90284191011687,2.3005168252213224,3.3171750038238317,102.39270559422077,0.5412175715905502,20.481137606509392,112.43124342887724,64.99385511581337,4.76519282646082,2.4306743290255763,3.774471795710265,102.99713553878765,0.49322003844704154,11.582631876135142,,,,,,,,,,,,,,,,,0.0,,,,,,uniform_random
CAND_0199_RAND,199,random_baseline,False,OUT_OF_BOUNDS,55.88557789191345,,121.19180261012733,66.48882748210877,9.389733454828807,3.94542809561206,2.9801929114093335,93.11347399048742,0.7389790385712172,37.04651818299007,137.2117185640069,68.66867129331288,5.40985560557227,3.4823590650956997,4.311016314903094,113.69792846694924,0.3380368502480664,18.83905970892338,,,,,,,,,,,,,,,,,0.0,,,,,,uniform_random
