domain,reference,field,max_abs_error,mean_abs_error,median_abs_error,std_abs_error,cell_count
all_grid_cells,cpu_full,shadow_mask,0.0,0.0,0.0,0.0,28120
all_grid_cells,cpu_full,svf,0.004194572176794309,2.0076879700816396e-06,0.0,5.556410987199759e-05,28120
all_grid_cells,cpu_full,tmrt,0.02890152869707663,1.3890542391044529e-05,0.0,0.00038390894171272936,28120
all_grid_cells,cpu_full,utci,0.10000000000000142,7.112375533428013e-06,0.0,0.0008433190187924484,28120
all_grid_cells,gpu_full,shadow_mask,0.0,0.0,0.0,0.0,28120
all_grid_cells,gpu_full,svf,0.00419457217679442,2.0076879701544e-06,0.0,5.556410987199562e-05,28120
all_grid_cells,gpu_full,tmrt,0.02890152869707663,1.3890542392200803e-05,0.0,0.00038390894171277907,28120
all_grid_cells,gpu_full,utci,0.10000000000000142,7.112375533428013e-06,0.0,0.0008433190187924484,28120
main_analysis_cells,cpu_full,shadow_mask,0.0,0.0,0.0,0.0,7225
main_analysis_cells,cpu_full,svf,0.004194572176794309,7.714063233390715e-06,0.0,0.00010940968901577074,7225
main_analysis_cells,cpu_full,tmrt,0.02890152869707663,5.336152865175196e-05,0.0,0.0007559391455378336,7225
main_analysis_cells,cpu_full,utci,0.10000000000000142,2.768166089965339e-05,0.0,0.0016635503646163265,7225
main_analysis_cells,gpu_full,shadow_mask,0.0,0.0,0.0,0.0,7225
main_analysis_cells,gpu_full,svf,0.00419457217679442,7.714063233413471e-06,0.0,0.00010940968901577042,7225
main_analysis_cells,gpu_full,tmrt,0.02890152869707663,5.3361528652483646e-05,0.0,0.0007559391455379629,7225
main_analysis_cells,gpu_full,utci,0.10000000000000142,2.768166089965339e-05,0.0,0.0016635503646163265,7225
unbuilt_pedestrian_cells,cpu_full,shadow_mask,0.0,0.0,0.0,0.0,3837
unbuilt_pedestrian_cells,cpu_full,svf,0.004194572176794309,1.4525438327143058e-05,0.0,0.0001498040527624643,3837
unbuilt_pedestrian_cells,cpu_full,tmrt,0.02890152869707663,0.00010047877104740889,0.0,0.0010350285889018302,3837
unbuilt_pedestrian_cells,cpu_full,utci,0.10000000000000142,5.212405525149745e-05,0.0,0.0022824742294303723,3837
unbuilt_pedestrian_cells,gpu_full,shadow_mask,0.0,0.0,0.0,0.0,3837
unbuilt_pedestrian_cells,gpu_full,svf,0.00419457217679442,1.4525438327185907e-05,0.0,0.00014980405276246195,3837
unbuilt_pedestrian_cells,gpu_full,tmrt,0.02890152869707663,0.00010047877104878664,0.0,0.0010350285889019456,3837
unbuilt_pedestrian_cells,gpu_full,utci,0.10000000000000142,5.212405525149745e-05,0.0,0.0022824742294303723,3837
church_street_corridor_cells,cpu_full,shadow_mask,0.0,0.0,0.0,0.0,668
church_street_corridor_cells,cpu_full,svf,0.004194572176794309,6.42426872140397e-05,0.0,0.0003044219878863634,668
church_street_corridor_cells,cpu_full,tmrt,0.02890152869707663,0.00044496868594738707,0.0,0.002106128822257221,668
church_street_corridor_cells,cpu_full,utci,0.09999999999999432,0.0001497005988023867,0.0,0.003866219032977314,668
church_street_corridor_cells,gpu_full,shadow_mask,0.0,0.0,0.0,0.0,668
church_street_corridor_cells,gpu_full,svf,0.00419457217679442,6.42426872140692e-05,0.0,0.00030442198788636064,668
church_street_corridor_cells,gpu_full,tmrt,0.02890152869707663,0.0004449686859479827,0.0,0.002106128822257131,668
church_street_corridor_cells,gpu_full,utci,0.09999999999999432,0.0001497005988023867,0.0,0.003866219032977314,668
