candidate_id,intervention_type,tree_state,terrain_profile,num_panels,is_feasible,objective_value,mean_tmrt_c,mean_utci_c,cooling_delta_k,shadowed_cells,runtime_sec,terrain_status,tree_status,canopy_status,ranking_status
CAND_0000_NO_INTERVENTION,baseline,none,flat,0,True,33.8765,47.09,33.877,0.0,718,1.3581,SYNTHETIC_TERRAIN_ONLY,PROVISIONAL_PHOTO_ESTIMATED,LITERATURE_ASSUMED_OR_SENSITIVITY_ONLY,NON_AUTHORITATIVE
CAND_0001_TREES_ONLY_NOM,trees_only,nominal,flat,0,True,33.7247,46.494,33.725,0.596,787,0.0545,SYNTHETIC_TERRAIN_ONLY,PROVISIONAL_PHOTO_ESTIMATED,LITERATURE_ASSUMED_OR_SENSITIVITY_ONLY,NON_AUTHORITATIVE
CAND_0002_TREES_ONLY_SMALL,trees_only,small,flat,0,True,33.7269,46.498,33.727,0.592,786,0.044,SYNTHETIC_TERRAIN_ONLY,PROVISIONAL_PHOTO_ESTIMATED,LITERATURE_ASSUMED_OR_SENSITIVITY_ONLY,NON_AUTHORITATIVE
CAND_0003_TREES_ONLY_LARGE,trees_only,large,flat,0,True,33.7115,46.448,33.712,0.642,793,0.0364,SYNTHETIC_TERRAIN_ONLY,PROVISIONAL_PHOTO_ESTIMATED,LITERATURE_ASSUMED_OR_SENSITIVITY_ONLY,NON_AUTHORITATIVE
CAND_0004_PANEL_ONLY_P1,panel_only,none,flat,1,True,33.8765,47.09,33.877,0.0,718,0.0475,SYNTHETIC_TERRAIN_ONLY,PROVISIONAL_PHOTO_ESTIMATED,LITERATURE_ASSUMED_OR_SENSITIVITY_ONLY,NON_AUTHORITATIVE
CAND_0005_PANELS_TWO_P1_P2,panel_only,none,flat,2,True,33.8766,47.09,33.877,-0.0,719,0.0927,SYNTHETIC_TERRAIN_ONLY,PROVISIONAL_PHOTO_ESTIMATED,LITERATURE_ASSUMED_OR_SENSITIVITY_ONLY,NON_AUTHORITATIVE
CAND_0006_TREES_NOM_PLUS_P1,combined,nominal,flat,1,True,33.7247,46.494,33.725,0.596,787,0.0698,SYNTHETIC_TERRAIN_ONLY,PROVISIONAL_PHOTO_ESTIMATED,LITERATURE_ASSUMED_OR_SENSITIVITY_ONLY,NON_AUTHORITATIVE
CAND_0007_TREES_NOM_PLUS_P1_P2,combined,nominal,flat,2,True,33.7248,46.494,33.725,0.595,788,0.0973,SYNTHETIC_TERRAIN_ONLY,PROVISIONAL_PHOTO_ESTIMATED,LITERATURE_ASSUMED_OR_SENSITIVITY_ONLY,NON_AUTHORITATIVE
CAND_0008_TREES_SMALL_PLUS_P1,combined,small,flat,1,True,33.7269,46.498,33.727,0.592,786,0.0987,SYNTHETIC_TERRAIN_ONLY,PROVISIONAL_PHOTO_ESTIMATED,LITERATURE_ASSUMED_OR_SENSITIVITY_ONLY,NON_AUTHORITATIVE
CAND_0009_TREES_LARGE_PLUS_P1_P2,combined,large,flat,2,True,33.7116,46.448,33.712,0.641,794,0.097,SYNTHETIC_TERRAIN_ONLY,PROVISIONAL_PHOTO_ESTIMATED,LITERATURE_ASSUMED_OR_SENSITIVITY_ONLY,NON_AUTHORITATIVE
CAND_0010_COMBINED_INCLINE_TERRAIN,combined,nominal,incline,2,True,33.6654,46.255,33.665,0.835,815,0.0721,SYNTHETIC_TERRAIN_ONLY,PROVISIONAL_PHOTO_ESTIMATED,LITERATURE_ASSUMED_OR_SENSITIVITY_ONLY,NON_AUTHORITATIVE
CAND_0011_TREES_SPARSE_CANOPY_PLUS_P1,canopy_sens,nominal,flat,1,True,33.8048,46.81,33.805,0.279,718,0.0602,SYNTHETIC_TERRAIN_ONLY,PROVISIONAL_PHOTO_ESTIMATED,LITERATURE_ASSUMED_OR_SENSITIVITY_ONLY,NON_AUTHORITATIVE
CAND_0012_TREES_DENSE_CANOPY_PLUS_P1,canopy_sens,nominal,flat,1,True,33.7292,46.513,33.729,0.577,718,0.0678,SYNTHETIC_TERRAIN_ONLY,PROVISIONAL_PHOTO_ESTIMATED,LITERATURE_ASSUMED_OR_SENSITIVITY_ONLY,NON_AUTHORITATIVE
