date,time_ist,hour_decimal,altitude_deg,azimuth_deg,zenith_deg,is_daylight,sun_vec_east,sun_vec_north,sun_vec_up
2024-04-15,05:30:00,5.5,-9.654,77.433,99.654,False,0.96222,0.2145,-0.1677
2024-04-15,05:45:00,5.75,-6.079,78.378,96.079,False,0.97399,0.20032,-0.10591
2024-04-15,06:00:00,6.0,-2.493,79.27,92.493,False,0.98158,0.18601,-0.0435
2024-04-15,06:15:00,6.25,1.104,80.116,88.896,True,0.98498,0.17162,0.01926
2024-04-15,06:30:00,6.5,4.709,80.925,85.291,True,0.98415,0.1572,0.0821
2024-04-15,06:45:00,6.75,8.323,81.7,81.677,True,0.9791,0.14283,0.14476
2024-04-15,07:00:00,7.0,11.944,82.449,78.056,True,0.96987,0.12857,0.20695
2024-04-15,07:15:00,7.25,15.571,83.175,74.429,True,0.95647,0.11447,0.26843
2024-04-15,07:30:00,7.5,19.203,83.885,70.797,True,0.93899,0.1006,0.32892
2024-04-15,07:45:00,7.75,22.84,84.582,67.16,True,0.91748,0.08701,0.38816
2024-04-15,08:00:00,8.0,26.481,85.272,63.519,True,0.89204,0.07377,0.4459
2024-04-15,08:15:00,8.25,30.126,85.96,59.874,True,0.86278,0.06094,0.5019
2024-04-15,08:30:00,8.5,33.774,86.651,56.226,True,0.82982,0.04856,0.55592
2024-04-15,08:45:00,8.75,37.424,87.352,52.576,True,0.79331,0.03669,0.60771
2024-04-15,09:00:00,9.0,41.077,88.071,48.923,True,0.7534,0.02538,0.65707
2024-04-15,09:15:00,9.25,44.731,88.816,45.269,True,0.71027,0.01468,0.70378
2024-04-15,09:30:00,9.5,48.386,89.599,41.614,True,0.6641,0.00465,0.74763
2024-04-15,09:45:00,9.75,52.041,90.437,37.959,True,0.61508,-0.00469,0.78845
2024-04-15,10:00:00,10.0,55.696,91.352,34.304,True,0.56343,-0.01329,0.82606
2024-04-15,10:15:00,10.25,59.349,92.374,30.651,True,0.50936,-0.02112,0.86029
2024-04-15,10:30:00,10.5,63.0,93.552,27.0,True,0.45312,-0.02813,0.89101
2024-04-15,10:45:00,10.75,66.645,94.963,23.355,True,0.39493,-0.0343,0.91807
2024-04-15,11:00:00,11.0,70.282,96.74,19.718,True,0.33506,-0.0396,0.94136
2024-04-15,11:15:00,11.25,73.903,99.133,16.097,True,0.27375,-0.04401,0.96079
2024-04-15,11:30:00,11.5,77.494,102.674,12.506,True,0.21127,-0.04751,0.97627
2024-04-15,11:45:00,11.75,81.017,108.71,8.983,True,0.14789,-0.05009,0.98774
2024-04-15,12:00:00,12.0,84.345,121.663,5.655,True,0.08387,-0.05173,0.99513
2024-04-15,12:15:00,12.25,86.794,159.596,3.206,True,0.0195,-0.05242,0.99843
2024-04-15,12:30:00,12.5,86.051,220.752,3.949,True,-0.04496,-0.05217,0.99763
2024-04-15,12:45:00,12.75,83.078,244.982,6.922,True,-0.10922,-0.05097,0.99271
2024-04-15,13:00:00,13.0,79.644,254.238,10.356,True,-0.17301,-0.04883,0.98371
2024-04-15,13:15:00,13.25,76.087,259.029,13.913,True,-0.23606,-0.04576,0.97066
2024-04-15,13:30:00,13.5,72.482,262.024,17.518,True,-0.29809,-0.04177,0.95362
2024-04-15,13:45:00,13.75,68.854,264.133,21.146,True,-0.35885,-0.03688,0.93267
2024-04-15,14:00:00,14.0,65.214,265.746,24.786,True,-0.41807,-0.0311,0.90788
2024-04-15,14:15:00,14.25,61.567,267.055,28.433,True,-0.4755,-0.02447,0.87937
2024-04-15,14:30:00,14.5,57.916,268.166,32.084,True,-0.53089,-0.017,0.84727
2024-04-15,14:45:00,14.75,54.263,269.142,35.737,True,-0.584,-0.00874,0.8117
2024-04-15,15:00:00,15.0,50.608,270.025,39.392,True,-0.63462,0.00028,0.77283
2024-04-15,15:15:00,15.25,46.954,270.842,43.046,True,-0.68251,0.01003,0.73081
2024-04-15,15:30:00,15.5,43.301,271.611,46.699,True,-0.72748,0.02045,0.68583
2024-04-15,15:45:00,15.75,39.649,272.346,50.351,True,-0.76933,0.03152,0.63808
2024-04-15,16:00:00,16.0,35.999,273.059,54.001,True,-0.80788,0.04318,0.58776
2024-04-15,16:15:00,16.25,32.351,273.759,57.649,True,-0.84297,0.05538,0.5351
2024-04-15,16:30:00,16.5,28.706,274.451,61.294,True,-0.87445,0.06807,0.48031
2024-04-15,16:45:00,16.75,25.064,275.142,64.936,True,-0.90219,0.08119,0.42364
2024-04-15,17:00:00,17.0,21.427,275.839,68.573,True,-0.92605,0.0947,0.36532
2024-04-15,17:15:00,17.25,17.794,276.544,72.206,True,-0.94596,0.10852,0.3056
2024-04-15,17:30:00,17.5,14.167,277.265,75.833,True,-0.96181,0.12261,0.24474
2024-04-15,17:45:00,17.75,10.545,278.004,79.455,True,-0.97353,0.1369,0.183
2024-04-15,18:00:00,18.0,6.93,278.768,83.07,True,-0.98109,0.15133,0.12065
2024-04-15,18:15:00,18.25,3.322,279.562,86.678,True,-0.98445,0.16584,0.05795
2024-04-15,18:30:00,18.5,-0.276,280.391,90.276,False,-0.98359,0.18037,-0.00482
2024-04-15,18:45:00,18.75,-3.865,281.262,93.865,False,-0.97851,0.19486,-0.06741
2024-04-15,19:00:00,19.0,-7.443,282.182,97.443,False,-0.96925,0.20924,-0.12954
