dependency,implementation_module,affected_by_which_edits,recomputed_reused_bounded,included_in_certificate,evidence,status
Direct Solar Shadow,"visibility/shadow.py, incremental/affected_region.py","AddBuildingEdit, RemoveBuildingEdit, ChangeHeightEdit, MoveBuildingEdit",Recomputed exactly on dirty ROI; Reused exactly on clean cells; Bounded conservatively via Minkowski plume,Yes: Delta S_dir = a_k * I_dir * (f_up*sin(alt) + f_side*(|sx|+|sy|) + f_down*alpha_g*sin(alt)),affected_region.py candidate plume test; zero mismatch on clean cells in test_shadows.py,Certified under solar altitude >= 5.0 deg; sound full fallback below 5.0 deg.
Sky View Factor (SVF),"visibility/directional_visibility.py, incremental/certificate.py","AddBuildingEdit, RemoveBuildingEdit, ChangeHeightEdit, MoveBuildingEdit",Recomputed exactly on dirty ROI; Reused exactly on clean cells; Bounded conservatively via solid-angle decay,"Yes: Delta psi_svf <= min(1.0, W_proj*|Delta h| / (2*pi*r^2)) for r <= r_max+r_bbox, 0 beyond",directional_visibility.py multi-azimuth search; test_error_bounds.py solid angle decay test,Certified under maximum search radius r_max = 30.0m.
Ground & Wall View Factors,"radiation/shortwave.py, radiation/longwave.py","AddBuildingEdit, RemoveBuildingEdit, ChangeHeightEdit, MoveBuildingEdit",Wall visibility = (1 - SVF); Ground visibility = horizontal plane (f_down=0.06). Recomputed on dirty ROI; Reused on clean cells,Yes: Wall flux perturbations scale directly with Delta psi_svf,"Hoppe (1992) standing cylinder view factors: f_up=0.06, f_down=0.06, f_side=0.22",Certified under standard rotational cylinder geometry.
Reflected Shortwave Radiation,radiation/shortwave.py,"AddBuildingEdit, RemoveBuildingEdit, ChangeHeightEdit, MoveBuildingEdit",Ground refl = alpha_g * (I_dir*sin(alt)*S + D_diff); Wall refl = alpha_w * (1-SVF) * K_avg. Recomputed on dirty ROI; Reused on clean cells,Yes: Included in direct shadow sensitivity (f_down*alpha_g) and diffuse sensitivity (f_side*4*(0.5*D + 0.5*alpha_w*(I+D))),shortwave.py compute_shortwave_fluxes; certificate.py c_diff factor,Certified under single-bounce diffuse reflection approximation.
Longwave Atmospheric & Wall Emission,radiation/longwave.py,"AddBuildingEdit, RemoveBuildingEdit, ChangeHeightEdit, MoveBuildingEdit",Sky = SVF * eps_air * sigma * T_air^4; Wall = (1-SVF) * eps_w * sigma * T_wall^4; Ground = eps_g * sigma * T_g^4. Recomputed on dirty ROI; Reused on clean cells,Yes: Delta S_long = a_l * (f_up + 2*f_side) * |eps_air*sigma*T_air^4 - eps_w*sigma*T_wall^4| * Delta psi_svf,longwave.py compute_air_emissivity (Brutsaert 1975); certificate.py c_long factor,Certified under static surface temperature boundary conditions.
Surface Temperature Evolution,"config.py, geometry/scene.py","Not dynamically solved per edit (static boundary input T_wall=32C, T_ground=35C)",Not modeled dynamically; static boundary input,Evaluated at constant boundary temperature contrast |L_sky - L_wall|,Material.surface_temperature in config.py; physics_audit.json Item 11,Simplified single-timestep formulation; transient conductive heat storage excluded.
Total Absorbed Radiation Flux (S_str),radiation/tmrt.py,Shortwave and longwave incident components,Recomputed exactly on dirty ROI; Reused exactly on clean cells; Upper bound Delta S_max = Delta S_dir + Delta S_diff + Delta S_long,Yes: Closed-form upper bound Delta S_max(x),tmrt.py compute_tmrt; certificate.py delta_s_total,Certified strictly bounding total absorbed flux perturbation.
Mean Radiant Temperature (Tmrt),radiation/tmrt.py,Perturbations to total absorbed flux S_str,Recomputed exactly on dirty ROI; Reused exactly on clean cells; Bound evaluated via concave interval Stefan-Boltzmann inversion,"Yes: B_T(x) = (S_cached/sigma)^0.25 - (max(1.0, S_cached - Delta S_max)/sigma)^0.25",Strict concavity of T(S) = (S/sigma)^0.25 guarantees lower interval endpoint exceeds warming and cooling perturbations,Certified with provable mathematical safety; 0 violations observed across all tests.
UTCI Thermal Comfort,comfort/utci.py,"Downstream from Tmrt (weather air temp, RH, wind speed constant across edit)",Recomputed on dirty ROI; Reused on clean cells; Monotonically tracks Tmrt error,Evaluated after Tmrt assembly; bounded by polynomial Lipschitz constant * B_T,utci.py 6th-order polynomial matches Broede et al. (2012),Monitored and consistent with Tmrt bounding.
Simulation Cache Invalidation,"incremental/cache.py, incremental/dependency_graph.py",All scene and weather modifications,Deterministic SHA-256 fingerprinting of Scene and Weather. Replaces dirty cells with ground truth,Yes: State hash mismatch prevents stale field reuse,cache.py SimulationCache; 0.0000K reversion error in repeated-edit benchmarks,Zero numerical drift verified across tested sequential edits.
