dependency,module,affected_edits,handling,certificate_included,assumption,evidence,status
Direct Solar Shadow,"visibility/shadow.py, incremental/affected_region.py","AddBuildingEdit, RemoveBuildingEdit, ChangeHeightEdit, MoveBuildingEdit",Recomputed exactly on dirty ROI; Reused exactly on clean cells; Conservatively bounded,Yes: Delta S_dir = a_k * I_dir * (f_up*sin(alt) + f_side*(|sx|+|sy|) + f_down*alpha_g*sin(alt)),Minkowski plume covers full geometric shadow trajectory with safety padding; solar altitude >= 5.0 deg,test_affected_region.py (100% geometric containment); test_shadows.py (0 mismatch on clean cells),Certified under solar altitude >= 5.0 deg; causes full fallback below 5.0 deg.
Sky View Factor (SVF),"visibility/directional_visibility.py, incremental/certificate.py","AddBuildingEdit, RemoveBuildingEdit, ChangeHeightEdit, MoveBuildingEdit",Recomputed exactly on dirty ROI; Reused exactly on clean cells; Conservatively bounded,"Yes: Delta psi_svf <= min(1.0, W_proj*|Delta h| / (2*pi*r^2)) for r <= r_max+r_bbox, 0 beyond",The certificate is conditional on this fixed input: maximum horizon search radius r_max = 30.0m,directional_visibility.py multi-azimuth search; test_error_bounds.py solid angle decay test,Certified under configured horizon search radius r_max = 30.0m.
Ground & Wall View Factors,"radiation/shortwave.py, radiation/longwave.py","AddBuildingEdit, RemoveBuildingEdit, ChangeHeightEdit, MoveBuildingEdit",Recomputed on dirty ROI; Reused on clean cells; Conservatively bounded,Yes: Wall view factor scales as (1 - SVF); ground view factor is horizontal plane (f_down=0.06),"The certificate is conditional on this fixed input: standard Hoppe (1992) standing cylinder geometry (f_up=f_down=0.06, f_side=0.22)",Hoppe (1992) cylinder weighting factors; shortwave.py and longwave.py flux integration,Certified under standard human cylinder model.
Reflected Shortwave Radiation,radiation/shortwave.py,"AddBuildingEdit, RemoveBuildingEdit, ChangeHeightEdit, MoveBuildingEdit",Recomputed on dirty ROI; Reused on clean cells; Conservatively bounded,Yes: Included in direct shadow sensitivity (f_down*alpha_g) and diffuse sensitivity (c_diff),The certificate is conditional on this fixed input: single-bounce diffuse reflection with fixed material albedos,shortwave.py compute_shortwave_fluxes; certificate.py c_diff factor,Certified under single-bounce diffuse reflection.
Longwave Atmospheric & Wall Emission,radiation/longwave.py,"AddBuildingEdit, RemoveBuildingEdit, ChangeHeightEdit, MoveBuildingEdit",Recomputed on dirty ROI; Reused on clean cells; Conservatively bounded,Yes: Delta S_long = a_l * (f_up + 2*f_side) * |eps_air*sigma*T_air^4 - eps_w*sigma*T_wall^4| * Delta psi_svf,"The certificate is conditional on this fixed input: static surface temperatures T_wall=32C, T_ground=35C and Brutsaert air emissivity",longwave.py compute_air_emissivity; certificate.py c_long factor,Certified under static boundary temperature conditions.
Surface Temperature Evolution,"config.py, geometry/scene.py",None dynamically solved per geometric edit,Fixed by assumption,Evaluated at constant boundary temperature contrast |L_sky - L_wall|,"The certificate is conditional on this fixed input: static boundary inputs T_wall=32C, T_ground=35C; transient thermal storage not modeled",Material.surface_temperature in config.py; physics_audit.json Item 11,Simplified single-timestep formulation; transient conductive heat storage excluded.
"Material Properties (Albedo, Emissivity)","config.py, geometry/scene.py",None dynamically solved per geometric edit,Fixed by assumption,Evaluated using fixed material parameters from Scene container,"The certificate is conditional on this fixed input: fixed albedo (0.20 wall, 0.15 ground) and emissivity (0.90 wall, 0.95 ground)",config.py Material dataclasses; physics_audit.json Item 12,Certified for geometric edits under fixed material properties.
Total Absorbed Radiation Flux (S_str),radiation/tmrt.py,"AddBuildingEdit, RemoveBuildingEdit, ChangeHeightEdit, MoveBuildingEdit",Recomputed on dirty ROI; Reused on clean cells; Conservatively bounded,Yes: Closed-form upper bound Delta S_max(x) = Delta S_dir + Delta S_diff + Delta S_long,Monotonic summation of conservative component bounds preserves upper bound property,tmrt.py compute_tmrt; certificate.py delta_s_total,Certified strictly bounding total absorbed flux perturbation.
Mean Radiant Temperature (Tmrt),radiation/tmrt.py,"AddBuildingEdit, RemoveBuildingEdit, ChangeHeightEdit, MoveBuildingEdit",Recomputed exactly on dirty ROI; Reused exactly on clean cells; Conservatively bounded,"Yes: B_T(x) = (S_cached/sigma)^0.25 - (max(1.0, S_cached - Delta S_max)/sigma)^0.25",Strict concavity of T(S) = (S/sigma)^0.25 guarantees lower interval endpoint upper-bounds both warming and cooling,Mathematical derivation of d^2T/dS^2 < 0; test_error_bounds.py (zero violations across 185k cells),Certified with computable error bound B_T(x) <= epsilon_T.
UTCI Thermal Comfort,comfort/utci.py,Downstream from Tmrt,Recomputed on dirty ROI; Reused on clean cells,No: formal certificate applies strictly to Tmrt in Kelvin; UTCI is recomputed from updated Tmrt,"The certificate is conditional on this fixed input: UTCI is recomputed from the updated Tmrt under fixed air temperature, humidity, and wind inputs",utci.py multivariate polynomial implementation; 0 category mismatch on certified cells,Monitored and consistent; formal mathematical certificate applies strictly to Tmrt.
Simulation Cache Invalidation,"incremental/cache.py, incremental/dependency_graph.py",All scene and weather modifications,Reused exactly on clean cells; Replaced with ground truth on dirty cells,Yes: Deterministic SHA-256 fingerprinting prevents stale cache reuse across differing configurations,SHA-256 hashing uniquely identifies geometric scene and meteorological state,cache.py SimulationCache; repeated-edit benchmark (0.000000K baseline reversion error),Zero numerical drift verified across tested sequential edits.
