path,category,format,size_bytes,sha256,expected_sha256,hash_verified,role_description,status
data/data_quality_report.md,data_documentation,md,7577,e030de3995fff576ff74597b979f3ed6034410fd2a12987611c87f6a5e10dc9c,e030de3995fff576ff74597b979f3ed6034410fd2a12987611c87f6a5e10dc9c,True,Handoff review documentation and sign-off instructions,pass
data/manual_checklist.md,data_documentation,md,2587,e5111a0ea9615b26f38df2ed94bc72a5af467f4649a3c3a9c28c5b7402db51b1,e5111a0ea9615b26f38df2ed94bc72a5af467f4649a3c3a9c28c5b7402db51b1,True,Handoff review documentation and sign-off instructions,pass
README.md,package_root_metadata,md,10795,49cfb7149e061912fbd009b4123cd8902562812fa9b8fc2c70108d4942985ff4,49cfb7149e061912fbd009b4123cd8902562812fa9b8fc2c70108d4942985ff4,True,Handoff review documentation and sign-off instructions,pass
SHA256SUMS.txt,package_root_metadata,txt,9693,b89f64969ea2d60690dc1f14be6da2c0e95d0cdeaf32aa112e880ad4e54c3d13,N/A,True,Dataset handoff component (package_root_metadata),pass
manual_completion_checklist.md,package_root_metadata,md,2587,e5111a0ea9615b26f38df2ed94bc72a5af467f4649a3c3a9c28c5b7402db51b1,e5111a0ea9615b26f38df2ed94bc72a5af467f4649a3c3a9c28c5b7402db51b1,True,Handoff review documentation and sign-off instructions,pass
site_boundary.geojson,package_root_metadata,geojson,961,444e42d81c2515203d8f265891e4dfba1b0121fdb745a02bc3ce037f6e7b31e6,444e42d81c2515203d8f265891e4dfba1b0121fdb745a02bc3ce037f6e7b31e6,True,Main study area boundary polygon (217m x 133m),pass
site_inspection_map.png,package_root_metadata,png,134737,19fc36fc2cbcf77f85bb06b54444c795b50bd7741757b3d087d8766123cb8b4b,19fc36fc2cbcf77f85bb06b54444c795b50bd7741757b3d087d8766123cb8b4b,True,Dataset handoff component (package_root_metadata),pass
preparation/refine_handoff_v2.py,preparation_scripts,py,63292,950c78417d7519cf1e5549a11aad9890b3162740cd49c33ad693e1aef89865e3,950c78417d7519cf1e5549a11aad9890b3162740cd49c33ad693e1aef89865e3,True,Dataset handoff component (preparation_scripts),pass
data/processed/analysis_domains.json,processed_data,json,1714,39276191e9090b9628c4885f84f23bced90505a36cedb8bbf146972aa19d6117,39276191e9090b9628c4885f84f23bced90505a36cedb8bbf146972aa19d6117,True,Dataset handoff component (processed_data),pass
data/processed/building_height_review.csv,processed_data,csv,21970,ef3b67cc419db8fe433b31e34da90a8bf708ffc3bde54295e4fdcaff43355335,ef3b67cc419db8fe433b31e34da90a8bf708ffc3bde54295e4fdcaff43355335,True,"Core building height evidence ledger (37 buildings, separate evidence)",pass
data/processed/building_height_review_schema.json,processed_data,json,1417,8bfa63837327d7f9d86f9930257c8b343a447b8e9fb4f34a8a59e6d716c88064,8bfa63837327d7f9d86f9930257c8b343a447b8e9fb4f34a8a59e6d716c88064,True,Dataset handoff component (processed_data),pass
data/processed/buildings_shadow_context.geojson,processed_data,geojson,304244,372eb7bc2ae293f872cf344e4fbb526d9e2a4d4f1946e3db1e963e7f1d3a6e90,372eb7bc2ae293f872cf344e4fbb526d9e2a4d4f1946e3db1e963e7f1d3a6e90,True,123 total shadow context building footprints,pass
data/processed/buildings_site.geojson,processed_data,geojson,109297,f18d313a078769f30e02d683278823385d9a753b1fdd2cceef701fe8839b3463,f18d313a078769f30e02d683278823385d9a753b1fdd2cceef701fe8839b3463,True,37 core study block building footprints,pass
data/processed/church_street_centerline.geojson,processed_data,geojson,22386,d12a26dccc4e7f9747561ac901f124abff65754e786b957f7e5c3408902dcb6b,d12a26dccc4e7f9747561ac901f124abff65754e786b957f7e5c3408902dcb6b,True,Dataset handoff component (processed_data),pass
data/processed/context_height_review.csv,processed_data,csv,25081,10e6511da069e7adab5efa8c72af98b07d74b8e7343b5e58fd4de7079ebe14d6,10e6511da069e7adab5efa8c72af98b07d74b8e7343b5e58fd4de7079ebe14d6,True,Context building height evidence ledger (123 buildings),pass
data/processed/estimated_building_heights.csv,processed_data,csv,23072,5ad9bcb8a991792689564302c48c5944fed1e82195dd8edfbfbd88f9104b1e74,5ad9bcb8a991792689564302c48c5944fed1e82195dd8edfbfbd88f9104b1e74,True,Dataset handoff component (processed_data),pass
data/processed/estimated_heights_metadata.json,processed_data,json,4424,df04c876cff07d94a61538a9a3c49637d622a8b015ce6e251425541f3206fcc6,df04c876cff07d94a61538a9a3c49637d622a8b015ce6e251425541f3206fcc6,True,Dataset handoff component (processed_data),pass
data/processed/intervention_definition.json,processed_data,json,7256,7330e1144c7c17f5e44c3b4a949424d73d1af138c498eae430518b0286f93739,7330e1144c7c17f5e44c3b4a949424d73d1af138c498eae430518b0286f93739,True,Proposed 6x3m overhead shade panel geometry and assumptions,pass
data/processed/intervention_geometry.geojson,processed_data,geojson,938,0bd9632e120a68dd8e8fc9f3f0ab32b90262113a1291995a6f3685c008cb840b,0bd9632e120a68dd8e8fc9f3f0ab32b90262113a1291995a6f3685c008cb840b,True,Proposed 6x3m overhead shade panel geometry and assumptions,pass
data/processed/local_scene_geometry.json,processed_data,json,127312,9c82689fb9274149da3ce2983e94385315f1187948f7784bd8855a819e3c177b,9c82689fb9274149da3ce2983e94385315f1187948f7784bd8855a819e3c177b,True,Dataset handoff component (processed_data),pass
data/processed/material_assumptions.json,processed_data,json,2827,23d5d0e60ca68075ceb057a8db248199b2338911ba182d27b68fcbfafffef26e,23d5d0e60ca68075ceb057a8db248199b2338911ba182d27b68fcbfafffef26e,True,Optical and initial thermal boundary property assumptions (4 classes),pass
data/processed/package_status.json,processed_data,json,1627,33eb9bcd952626e26f6f1006e03547dd82d17adca6f8e6445877da633e7e3977,33eb9bcd952626e26f6f1006e03547dd82d17adca6f8e6445877da633e7e3977,True,Dataset handoff component (processed_data),pass
data/processed/pedestrian_analysis_area.geojson,processed_data,geojson,5411,c3f2cb7abf87630947b21a4b9ef4ad8cbcee53798471f562bd1c5d6dc26be967,c3f2cb7abf87630947b21a4b9ef4ad8cbcee53798471f562bd1c5d6dc26be967,True,Dataset handoff component (processed_data),pass
data/processed/provenance.json,processed_data,json,84007,52787cd646afa7d3321d2325fca3b7d8205d94f11d36cf7c2d02096b2b30cd7c,52787cd646afa7d3321d2325fca3b7d8205d94f11d36cf7c2d02096b2b30cd7c,True,"Comprehensive dataset provenance, licenses, and asset manifest",pass
data/processed/quality_metrics.json,processed_data,json,1769,74a1a217a2b223e32c042c9a928317c2aa7ebc4881c662bbf69a88534c62185b,74a1a217a2b223e32c042c9a928317c2aa7ebc4881c662bbf69a88534c62185b,True,Dataset handoff component (processed_data),pass
data/processed/researcher_signoff.json,processed_data,json,480,0fbc3e71e9cc5fc2ea7a3cf3b6fb27175989591250ca5355e875640f0deddb78,N/A,True,Dataset handoff component (processed_data),pass
data/processed/shadow_context_boundary.geojson,processed_data,geojson,1709,29ebc26fa22cb52622da442f21e8363b411a80d330c3381658f65dc997cfef34,29ebc26fa22cb52622da442f21e8363b411a80d330c3381658f65dc997cfef34,True,Shadow-casting context boundary (75m outward UTM expansion),pass
data/processed/site_boundary.geojson,processed_data,geojson,1158,88a880019ae5d7085441d258f91945769b13c786e5f1c82b2df4ac5859d6227d,88a880019ae5d7085441d258f91945769b13c786e5f1c82b2df4ac5859d6227d,True,Main study area boundary polygon (217m x 133m),pass
data/processed/site_selection.json,processed_data,json,3261,d4d5360c91a4020020c2e120a6f23e77fcefc6617014d0d4e0d7c30d4bc89061,d4d5360c91a4020020c2e120a6f23e77fcefc6617014d0d4e0d7c30d4bc89061,True,Dataset handoff component (processed_data),pass
data/processed/terrain_metadata.json,processed_data,json,4415,841d7859e05e1604119fa9b0e8bcbedacd44a28fc9750f35bdaf6674cb03de4e,841d7859e05e1604119fa9b0e8bcbedacd44a28fc9750f35bdaf6674cb03de4e,True,"Coarse elevation DEM raster/metadata (Mapzen/Tilezen Skadi, EGM96)",pass
data/processed/terrain_site_samples.csv,processed_data,csv,3958,560284a2d5f63f4bbcf0801778891b3d6f894b96f6778fb5a459a0d4464d9511,560284a2d5f63f4bbcf0801778891b3d6f894b96f6778fb5a459a0d4464d9511,True,"Coarse elevation DEM raster/metadata (Mapzen/Tilezen Skadi, EGM96)",pass
data/processed/validation_report.json,processed_data,json,2032,1ccabd5c7ec55c4dc872e29e0c5327eef228715a276c5551ff65b0106065e17c,1ccabd5c7ec55c4dc872e29e0c5327eef228715a276c5551ff65b0106065e17c,True,Handoff review documentation and sign-off instructions,pass
data/processed/weather_forcing.csv,processed_data,csv,1708,c1c819f453bac690bbf6f99481faf9d11200b1c549093ae326571aecd87009a7,c1c819f453bac690bbf6f99481faf9d11200b1c549093ae326571aecd87009a7,True,"Single-timestep meteorological forcing (Bengaluru City station, 2024-04-15 09 UTC)",pass
data/processed/weather_forcing_metadata.json,processed_data,json,6738,38ba1696eaa3434abadf31b391cf8cecb7211bc221e5f41859fdf78964b2d562,38ba1696eaa3434abadf31b391cf8cecb7211bc221e5f41859fdf78964b2d562,True,Dataset handoff component (processed_data),pass
data/processed/weather_observations_selected_day.csv,processed_data,csv,3435,b11041ef9b01ba9acbc78ba3ca34dcca0845f1577200ecbdc06a06d0da29fbc4,b11041ef9b01ba9acbc78ba3ca34dcca0845f1577200ecbdc06a06d0da29fbc4,True,Dataset handoff component (processed_data),pass
data/processed/weather_selected_observation.json,processed_data,json,944,2eea04c278f51182671c826412c64a110b8a83cc569e337c87e574d363b049cb,2eea04c278f51182671c826412c64a110b8a83cc569e337c87e574d363b049cb,True,Dataset handoff component (processed_data),pass
data/raw/buildings/floor_counts.csv,raw_data,csv,25704,b2a9c6ce018129925c36629aaba98a546cc86958c5438999830a074b0bdd47a5,b2a9c6ce018129925c36629aaba98a546cc86958c5438999830a074b0bdd47a5,True,Dataset handoff component (raw_data),pass
data/raw/buildings/google_ml_height_estimates.csv,raw_data,csv,23072,5ad9bcb8a991792689564302c48c5944fed1e82195dd8edfbfbd88f9104b1e74,5ad9bcb8a991792689564302c48c5944fed1e82195dd8edfbfbd88f9104b1e74,True,Dataset handoff component (raw_data),pass
data/raw/buildings/google_open_buildings_temporal_2023_context_window.tif,raw_data,tif,681969,f37f1bf087fd2825e8dc31ca813d24b0838944a5be4094d52ca5e63262d9b8f5,f37f1bf087fd2825e8dc31ca813d24b0838944a5be4094d52ca5e63262d9b8f5,True,Dataset handoff component (raw_data),pass
data/raw/buildings/overture_building_context_original.geojson,raw_data,geojson,478493,1c1305bcd9b32041295185f87e66d7f8f8c23c33026fa852e913737fe317628e,1c1305bcd9b32041295185f87e66d7f8f8c23c33026fa852e913737fe317628e,True,Dataset handoff component (raw_data),pass
data/raw/buildings/overture_building_context_original.parquet,raw_data,parquet,46657,bce6dfb40481098dd767ca08939bf224c5762a9c5b420aa0cab5bf2c8c191da3,bce6dfb40481098dd767ca08939bf224c5762a9c5b420aa0cab5bf2c8c191da3,True,Dataset handoff component (raw_data),pass
data/raw/buildings/overture_buildings_2026-09-23.1.geoparquet,raw_data,geoparquet,46657,bce6dfb40481098dd767ca08939bf224c5762a9c5b420aa0cab5bf2c8c191da3,bce6dfb40481098dd767ca08939bf224c5762a9c5b420aa0cab5bf2c8c191da3,True,Dataset handoff component (raw_data),pass
data/raw/buildings/overture_buildings_raw.geojson,raw_data,geojson,478493,1c1305bcd9b32041295185f87e66d7f8f8c23c33026fa852e913737fe317628e,1c1305bcd9b32041295185f87e66d7f8f8c23c33026fa852e913737fe317628e,True,Dataset handoff component (raw_data),pass
data/raw/buildings/overture_segment_context_original.geojson,raw_data,geojson,761235,24abb314e5d4df08c87881a9d3b60f6f8e17878a6ff472aca0cac5884cd99c4e,24abb314e5d4df08c87881a9d3b60f6f8e17878a6ff472aca0cac5884cd99c4e,True,Dataset handoff component (raw_data),pass
data/raw/buildings/overture_segment_context_original.parquet,raw_data,parquet,133489,0a9ba868958a32c2cb16a8a02da3a40606c2d25d87c278057070cbefb7210089,0a9ba868958a32c2cb16a8a02da3a40606c2d25d87c278057070cbefb7210089,True,Dataset handoff component (raw_data),pass
data/raw/terrain/N12E077.hgt.gz,raw_data,gz,11122631,9485ba04696bbe2074a0b6cab79d0f12ecca79ad05b19d676ea35056beafd14e,9485ba04696bbe2074a0b6cab79d0f12ecca79ad05b19d676ea35056beafd14e,True,"Coarse elevation DEM raster/metadata (Mapzen/Tilezen Skadi, EGM96)",pass
data/raw/terrain/elevation_metadata.json,raw_data,json,4415,841d7859e05e1604119fa9b0e8bcbedacd44a28fc9750f35bdaf6674cb03de4e,841d7859e05e1604119fa9b0e8bcbedacd44a28fc9750f35bdaf6674cb03de4e,True,Dataset handoff component (raw_data),pass
data/raw/terrain/elevation_original.tif,raw_data,tif,7207710,616caab132c3353efba0ee8cff9f9dccccdbe7eb5cd149eb205b547f53c92a40,616caab132c3353efba0ee8cff9f9dccccdbe7eb5cd149eb205b547f53c92a40,True,Dataset handoff component (raw_data),pass
data/raw/weather/bengaluru_station_observations.csv,raw_data,csv,1257600,1c2c3248301fac5a208e792fab74b0d14a4b6ec6b0b4e047318b3342b084b14b,1c2c3248301fac5a208e792fab74b0d14a4b6ec6b0b4e047318b3342b084b14b,True,Dataset handoff component (raw_data),pass
data/raw/weather/isd-history.csv,raw_data,csv,2914601,1994747ab4af1b97e63adb434b4d0d022f2daee76f0c144ea9ab46be2d906604,1994747ab4af1b97e63adb434b4d0d022f2daee76f0c144ea9ab46be2d906604,True,Dataset handoff component (raw_data),pass
data/raw/weather/nasa_power_solar_20240415_original.json,raw_data,json,2108,ec61199f3913c940d90f514a871760dc29b4529053597c07e98da2e2392c8b83,ec61199f3913c940d90f514a871760dc29b4529053597c07e98da2e2392c8b83,True,Dataset handoff component (raw_data),pass
data/raw/weather/noaa_43295099999_2024_original.csv,raw_data,csv,1257600,1c2c3248301fac5a208e792fab74b0d14a4b6ec6b0b4e047318b3342b084b14b,1c2c3248301fac5a208e792fab74b0d14a4b6ec6b0b4e047318b3342b084b14b,True,Dataset handoff component (raw_data),pass
data/raw/weather/solar_estimates.csv,raw_data,csv,4911,6639e51cc05efbd9c2892cda0142a2f22f4b93243e962c050c19418c00962426,6639e51cc05efbd9c2892cda0142a2f22f4b93243e962c050c19418c00962426,True,Dataset handoff component (raw_data),pass
sources/acquisition_failures/osm_map_http_429_response.html,source_records,html,436,8fe96d98abc77cd918752168542c668715035e54763d53afc6799250214987b9,8fe96d98abc77cd918752168542c668715035e54763d53afc6799250214987b9,True,Dataset handoff component (source_records),pass
sources/acquisition_failures/overpass_http_429_response.txt,source_records,txt,89,78d737bddfa4d6e31202fae8845585d40db35847b0d14d41b0da7701609ad79c,78d737bddfa4d6e31202fae8845585d40db35847b0d14d41b0da7701609ad79c,True,Dataset handoff component (source_records),pass
sources/alternate_height_source_review.json,source_records,json,2822,284a8837b66578f7590ab1d97dbe130a38c882f40d5870ed9397c0b737613048,284a8837b66578f7590ab1d97dbe130a38c882f40d5870ed9397c0b737613048,True,Dataset handoff component (source_records),pass
sources/church_street_osm_download.json,source_records,json,389,9819ca580e8947a0077d843728eb7f5dbc067746a24f1a6d213fadbbc4b56509,9819ca580e8947a0077d843728eb7f5dbc067746a24f1a6d213fadbbc4b56509,True,Dataset handoff component (source_records),pass
sources/google_height_manifest_2023_original.json,source_records,json,3514313,cd4f2f0bb0dd6eda9a8b8e3a8194b20cc9d84c7098a9a2d9a477283929bdb0cf,cd4f2f0bb0dd6eda9a8b8e3a8194b20cc9d84c7098a9a2d9a477283929bdb0cf,True,Dataset handoff component (source_records),pass
sources/google_height_manifest_download.json,source_records,json,311,e3a6018e575436fddc980331cf49d7cc02e5bcfb58dc2548678cf17e216b7804,e3a6018e575436fddc980331cf49d7cc02e5bcfb58dc2548678cf17e216b7804,True,Dataset handoff component (source_records),pass
sources/google_height_manifest_index_original.json,source_records,json,4548,3f87241828c1f1afb4cacdb2ba94550184cdead2126f5af5add2b4ca271ba85b,3f87241828c1f1afb4cacdb2ba94550184cdead2126f5af5add2b4ca271ba85b,True,Dataset handoff component (source_records),pass
sources/google_height_selected_assets.json,source_records,json,1456,7e60ffb5a70979b2041c615111d64b447d180e2143eb5229cc31eacda0a418c4,7e60ffb5a70979b2041c615111d64b447d180e2143eb5229cc31eacda0a418c4,True,Dataset handoff component (source_records),pass
sources/google_open_buildings_download_notebook.ipynb,source_records,ipynb,19744,1c219d10b88de5c2a78bb9256fe31def9e056f18b078df3b58a3a0c696130e43,1c219d10b88de5c2a78bb9256fe31def9e056f18b078df3b58a3a0c696130e43,True,Dataset handoff component (source_records),pass
sources/isd_stations_download.json,source_records,json,203,9094cff68c67493ce2774897f83239b8592cc0b3111cee31791403ac283495fd,9094cff68c67493ce2774897f83239b8592cc0b3111cee31791403ac283495fd,True,Dataset handoff component (source_records),pass
sources/licensing_review_v2.json,source_records,json,1080,9380e811b85b7b3d019fb02cc3a3c9e2bc2325f4c030aa3f91bd98811287cab1,9380e811b85b7b3d019fb02cc3a3c9e2bc2325f4c030aa3f91bd98811287cab1,True,Dataset handoff component (source_records),pass
sources/nasa_power_hourly_openapi.json,source_records,json,12564,27dda6980eaa434a4019a4b507f88b83cf9f2fb5689bb36254b1e4d0202adccd,27dda6980eaa434a4019a4b507f88b83cf9f2fb5689bb36254b1e4d0202adccd,True,Dataset handoff component (source_records),pass
sources/nasa_power_hourly_openapi.json.download.json,source_records,json,212,5d096548f4d8799b9f3fa952f318064a0e801dc4f3ea7f2134f9b3d1baee33f8,5d096548f4d8799b9f3fa952f318064a0e801dc4f3ea7f2134f9b3d1baee33f8,True,Dataset handoff component (source_records),pass
sources/nasa_power_solar_download.json,source_records,json,329,aeb14ccfd96df63087d5bd8e54f3833d3afa96e11f24fea6904413c59180ce81,aeb14ccfd96df63087d5bd8e54f3833d3afa96e11f24fea6904413c59180ce81,True,Dataset handoff component (source_records),pass
sources/noaa_city_2024_download.json,source_records,json,295,ed5aefed7a7a371e8ee86d4d7af4e2e69e6745dd22c24696c5c6aeb7695ed6a9,ed5aefed7a7a371e8ee86d4d7af4e2e69e6745dd22c24696c5c6aeb7695ed6a9,True,Dataset handoff component (source_records),pass
sources/noaa_isd_format_document.pdf,source_records,pdf,1187390,1be604b08b5f7c2429e6aef178ff8893019c234bc7bc51bfb7ec1e16a6682f04,1be604b08b5f7c2429e6aef178ff8893019c234bc7bc51bfb7ec1e16a6682f04,True,Dataset handoff component (source_records),pass
sources/noaa_isd_format_document.pdf.download.json,source_records,json,215,5646b47ea1ec8f97126b212662edb20e46d80537ea6625cc0b3c88e6984e2857,5646b47ea1ec8f97126b212662edb20e46d80537ea6625cc0b3c88e6984e2857,True,Dataset handoff component (source_records),pass
sources/osm_map_download.json,source_records,json,241,549c5b505cbe372f2b8b118bd960884263f2c4c237d409f5c1a43f41a5fab34b,549c5b505cbe372f2b8b118bd960884263f2c4c237d409f5c1a43f41a5fab34b,True,Dataset handoff component (source_records),pass
sources/overture_building_acquisition.json,source_records,json,1753,b532681ef58aa46ca55922c5ac44a1a39a91a67998095c1a9ec71adb535ba2e4,b532681ef58aa46ca55922c5ac44a1a39a91a67998095c1a9ec71adb535ba2e4,True,Dataset handoff component (source_records),pass
sources/overture_building_file_metadata.json,source_records,json,333,3cb2b348134be5412f7a249971eb4c11ed6f4ec6c98b9d09b52f0653f480c6cc,3cb2b348134be5412f7a249971eb4c11ed6f4ec6c98b9d09b52f0653f480c6cc,True,Dataset handoff component (source_records),pass
sources/overture_buildings_catalog.json,source_records,json,962,25b231671813d5f61f1a90732b77e50496177f126f7116445b9624d41c2eb00c,25b231671813d5f61f1a90732b77e50496177f126f7116445b9624d41c2eb00c,True,Dataset handoff component (source_records),pass
sources/overture_cli_core.py,source_records,py,19235,ca2ac0be68e1fda78e523dca299686bd80a3474c83041d8b45b6ac0d7699724e,ca2ac0be68e1fda78e523dca299686bd80a3474c83041d8b45b6ac0d7699724e,True,Dataset handoff component (source_records),pass
sources/overture_cli_source_download.json,source_records,json,326,5929459ea7c4e3c9a37c559f7fec2045aa3a4ba1c8c24e64efb2ede812fb9949,5929459ea7c4e3c9a37c559f7fec2045aa3a4ba1c8c24e64efb2ede812fb9949,True,Dataset handoff component (source_records),pass
sources/overture_collections.parquet,source_records,parquet,182960,f1c036050dea1a689456c5e95382b0665fc3afc8750892ee5f8e5e9ead9089df,f1c036050dea1a689456c5e95382b0665fc3afc8750892ee5f8e5e9ead9089df,True,Dataset handoff component (source_records),pass
sources/overture_matching_stac_assets.json,source_records,json,6217,8ca0b5d5769ab5d17138b151a7d968173887045188c85a4e5d267bcaf119c5b1,8ca0b5d5769ab5d17138b151a7d968173887045188c85a4e5d267bcaf119c5b1,True,Dataset handoff component (source_records),pass
sources/overture_release_catalog.json,source_records,json,1534,2cb87fbd6ab8fdf8272d8a3c5cbaf6b1f3b7aedebffe9ba122670138308d6946,2cb87fbd6ab8fdf8272d8a3c5cbaf6b1f3b7aedebffe9ba122670138308d6946,True,Dataset handoff component (source_records),pass
sources/overture_release_download.json,source_records,json,291,62711e62c11b52b723a3d981e59558b0f446a97f1d4f946a21965868b7739a4a,62711e62c11b52b723a3d981e59558b0f446a97f1d4f946a21965868b7739a4a,True,Dataset handoff component (source_records),pass
sources/overture_segment_acquisition.json,source_records,json,25885,cc484085f180d95646150a77c9066d618c28568b52e60aed8db9f04868e30f23,cc484085f180d95646150a77c9066d618c28568b52e60aed8db9f04868e30f23,True,Dataset handoff component (source_records),pass
sources/overture_stac_catalog.json,source_records,json,6529,5336b76af0b630f05c51c8c8bf3106a2466f7a5110df28081202c7c1775bd7f3,5336b76af0b630f05c51c8c8bf3106a2466f7a5110df28081202c7c1775bd7f3,True,Dataset handoff component (source_records),pass
sources/overture_stac_download.json,source_records,json,188,b5d1df8af46425d83ed518eb1fa35f72839d3bed35275cd082e0187ca831aee6,b5d1df8af46425d83ed518eb1fa35f72839d3bed35275cd082e0187ca831aee6,True,Dataset handoff component (source_records),pass
sources/overturemaps_pyproject.toml,source_records,toml,1929,7f6d2cf491492a3ec205d62bc282e9c48e873b94cc425098f1adafd4dbc86ca0,7f6d2cf491492a3ec205d62bc282e9c48e873b94cc425098f1adafd4dbc86ca0,True,Dataset handoff component (source_records),pass
sources/terrain_attribution.md,source_records,md,12300,2ce4d3414b4592d17ad56a5af57feb480686ddcfb0a3e4ea0b566d28cde13567,2ce4d3414b4592d17ad56a5af57feb480686ddcfb0a3e4ea0b566d28cde13567,True,"Coarse elevation DEM raster/metadata (Mapzen/Tilezen Skadi, EGM96)",pass
sources/terrain_attribution.md.download.json,source_records,json,218,b7d55e9af859abd391cd7e801ea5608aa509b7bde526daf2e77bc206ffbbea2f,b7d55e9af859abd391cd7e801ea5608aa509b7bde526daf2e77bc206ffbbea2f,True,"Coarse elevation DEM raster/metadata (Mapzen/Tilezen Skadi, EGM96)",pass
sources/terrain_data_sources.md,source_records,md,12162,dcf07b156bc25930dfe3e1a55d8efd4a2e3b5376393d23bf24d1fc1dd02c5948,dcf07b156bc25930dfe3e1a55d8efd4a2e3b5376393d23bf24d1fc1dd02c5948,True,"Coarse elevation DEM raster/metadata (Mapzen/Tilezen Skadi, EGM96)",pass
sources/terrain_data_sources.md.download.json,source_records,json,220,6c5980242e0929f150c5043f7be9d21d4a9c38ae3d2c5c8a1af632419661c83f,6c5980242e0929f150c5043f7be9d21d4a9c38ae3d2c5c8a1af632419661c83f,True,"Coarse elevation DEM raster/metadata (Mapzen/Tilezen Skadi, EGM96)",pass
sources/terrain_download.json,source_records,json,446,2b45d0eaf8b566fd2327157d89d9d8334cd65edf1f805ccc82d52077a17e43d5,2b45d0eaf8b566fd2327157d89d9d8334cd65edf1f805ccc82d52077a17e43d5,True,"Coarse elevation DEM raster/metadata (Mapzen/Tilezen Skadi, EGM96)",pass
sources/terrain_formats.md,source_records,md,5392,f37b923b033ddb90ed454902c20a248b0f75985df1129dc2899c8ddf14459c8c,f37b923b033ddb90ed454902c20a248b0f75985df1129dc2899c8ddf14459c8c,True,"Coarse elevation DEM raster/metadata (Mapzen/Tilezen Skadi, EGM96)",pass
sources/terrain_tile_metadata_download.json,source_records,json,317,2117d4778fcef2e55279693aa5f277f3a735065dd2fed3d744fd68ecc97f1fb9,2117d4778fcef2e55279693aa5f277f3a735065dd2fed3d744fd68ecc97f1fb9,True,"Coarse elevation DEM raster/metadata (Mapzen/Tilezen Skadi, EGM96)",pass
