map_label,building_id,name,height_source,height_value,floor_count,ml_height_estimate,missing_value_status,review_status,confidence,review_priority,proposed_height_from_floors_m,model_height_m,status
B01,ef5d616d-eab5-4d91-8ed5-af5fbbff9a09,,none_verified,,,19.0,unapproved_candidates_only,pending_manual_review_not_site_calibrated,uncalibrated_satellite_ml_or_assumed_floors,normal,,,requires_researcher_signoff
B02,65d0175e-5fe0-42de-a955-fff258f4c6c8,,none_verified,,3,18.5,unapproved_candidates_only,pending_manual_review_high_priority,uncalibrated_satellite_ml_or_assumed_floors,high,9.6,,requires_researcher_signoff
B03,963df15f-19f2-47fd-914d-7b80db9d335f,,none_verified,,,2.5,unapproved_candidates_only,pending_manual_review_high_priority,uncalibrated_satellite_ml_or_assumed_floors,high,,,requires_researcher_signoff
B04,ed8377d2-272f-43cc-821b-49fc34e87a99,Spencer Building,none_verified,,5,18.0,unapproved_candidates_only,pending_manual_review_not_site_calibrated,uncalibrated_satellite_ml_or_assumed_floors,normal,16.0,,requires_researcher_signoff
B05,30a23f8d-824e-4820-83c1-022fc18d55ca,,none_verified,,3,7.5,unapproved_candidates_only,pending_manual_review_not_site_calibrated,uncalibrated_satellite_ml_or_assumed_floors,normal,9.6,,requires_researcher_signoff
B06,726d166e-edae-4ba0-bf15-14f5331634ce,,none_verified,,,18.0,unapproved_candidates_only,pending_manual_review_not_site_calibrated,uncalibrated_satellite_ml_or_assumed_floors,normal,,,requires_researcher_signoff
B07,303b78f1-b00b-4d54-b301-e871334fa9ac,,none_verified,,,11.0,unapproved_candidates_only,pending_manual_review_not_site_calibrated,uncalibrated_satellite_ml_or_assumed_floors,normal,,,requires_researcher_signoff
B08,933a85f1-2236-4666-8fea-c4eea0b7037d,,none_verified,,,12.0,unapproved_candidates_only,pending_manual_review_not_site_calibrated,uncalibrated_satellite_ml_or_assumed_floors,normal,,,requires_researcher_signoff
B09,81d49e29-8870-40a5-87b3-5ebd6155465d,,none_verified,,,5.5,unapproved_candidates_only,pending_manual_review_not_site_calibrated,uncalibrated_satellite_ml_or_assumed_floors,normal,,,requires_researcher_signoff
B10,0a37c790-2a4e-4082-a53b-6db6a65d90d9,Barton Centre,none_verified,,14,52.5,unapproved_candidates_only,pending_manual_review_not_site_calibrated,uncalibrated_satellite_ml_or_assumed_floors,normal,44.8,,requires_researcher_signoff
B11,ae72700f-c10f-43ff-be9b-2dca6c64f824,,none_verified,,,13.0,unapproved_candidates_only,pending_manual_review_not_site_calibrated,uncalibrated_satellite_ml_or_assumed_floors,normal,,,requires_researcher_signoff
B12,bbdcbacc-5e92-4a79-af41-70a064ce516f,Asha Enclave,none_verified,,,13.5,unapproved_candidates_only,pending_manual_review_not_site_calibrated,uncalibrated_satellite_ml_or_assumed_floors,normal,,,requires_researcher_signoff
B13,a9a89544-142e-45af-9da3-a552a2d61655,,none_verified,,,12.0,unapproved_candidates_only,pending_manual_review_not_site_calibrated,uncalibrated_satellite_ml_or_assumed_floors,normal,,,requires_researcher_signoff
B14,39e6e603-9eb3-4e74-85eb-1da56481f262,,none_verified,,7,21.0,unapproved_candidates_only,pending_manual_review_not_site_calibrated,uncalibrated_satellite_ml_or_assumed_floors,normal,22.4,,requires_researcher_signoff
B15,3761c330-0bb5-4222-896f-7decce6ceb38,Brigade Gardens,none_verified,,,13.5,unapproved_candidates_only,pending_manual_review_not_site_calibrated,uncalibrated_satellite_ml_or_assumed_floors,normal,,,requires_researcher_signoff
B16,b64c8dc6-602c-447b-b05e-42ab0858ce59,,none_verified,,3,10.5,unapproved_candidates_only,pending_manual_review_not_site_calibrated,uncalibrated_satellite_ml_or_assumed_floors,normal,9.6,,requires_researcher_signoff
B17,2febf00f-3e1c-4efc-849a-3ad61176e04b,,none_verified,,3,16.0,unapproved_candidates_only,pending_manual_review_high_priority,uncalibrated_satellite_ml_or_assumed_floors,high,9.6,,requires_researcher_signoff
B18,17e6e014-cdfd-4f9e-a8a7-de1a3b46dfae,Shrungar Shopping Center,none_verified,,4,15.5,unapproved_candidates_only,pending_manual_review_not_site_calibrated,uncalibrated_satellite_ml_or_assumed_floors,normal,12.8,,requires_researcher_signoff
B19,3ebbedfa-d60f-4cba-95a1-a1fd3d766e8d,,none_verified,,2,,unapproved_candidates_only,pending_manual_review_high_priority,uncalibrated_satellite_ml_or_assumed_floors,high,6.4,,requires_researcher_signoff
B20,a619c0f2-f3fd-4fa1-a1da-994607bd9bbf,,none_verified,,,7.0,unapproved_candidates_only,pending_manual_review_not_site_calibrated,uncalibrated_satellite_ml_or_assumed_floors,normal,,,requires_researcher_signoff
B21,210df0cd-d537-402e-a40b-04262339a436,,none_verified,,,8.5,unapproved_candidates_only,pending_manual_review_not_site_calibrated,uncalibrated_satellite_ml_or_assumed_floors,normal,,,requires_researcher_signoff
B22,0b6594d3-332f-4d43-b874-d575e502be91,Raymonds,none_verified,,3,12.0,unapproved_candidates_only,pending_manual_review_not_site_calibrated,uncalibrated_satellite_ml_or_assumed_floors,normal,9.6,,requires_researcher_signoff
B23,bb5dfffb-c9ea-482e-b3bd-45b374348aa6,,none_verified,,,,missing,pending_manual_review_high_priority,uncalibrated_satellite_ml_or_assumed_floors,high,,,requires_researcher_signoff
B24,01edc8ba-e07a-4453-b17f-25f1771d79a3,,none_verified,,5,12.5,unapproved_candidates_only,pending_manual_review_not_site_calibrated,uncalibrated_satellite_ml_or_assumed_floors,normal,16.0,,requires_researcher_signoff
B25,5a04242f-b5b0-4f2a-8b9a-66a496613408,,none_verified,,,13.0,unapproved_candidates_only,pending_manual_review_not_site_calibrated,uncalibrated_satellite_ml_or_assumed_floors,normal,,,requires_researcher_signoff
B26,4ed407a7-a8bd-4dbb-9244-25465b5c7235,,none_verified,,,20.0,unapproved_candidates_only,pending_manual_review_not_site_calibrated,uncalibrated_satellite_ml_or_assumed_floors,normal,,,requires_researcher_signoff
B27,a4508836-4e70-4190-9644-1815380b7313,,none_verified,,,12.0,unapproved_candidates_only,pending_manual_review_not_site_calibrated,uncalibrated_satellite_ml_or_assumed_floors,normal,,,requires_researcher_signoff
B28,51affa39-675c-4110-8e37-257c1b3785e7,,none_verified,,2,10.0,unapproved_candidates_only,pending_manual_review_not_site_calibrated,uncalibrated_satellite_ml_or_assumed_floors,normal,6.4,,requires_researcher_signoff
B29,3acc0505-729f-4947-9f7e-2f4f4b4bc079,,none_verified,,,19.0,unapproved_candidates_only,pending_manual_review_not_site_calibrated,uncalibrated_satellite_ml_or_assumed_floors,normal,,,requires_researcher_signoff
B30,a277aeb6-f951-49a4-8f4f-198b9d37ac65,,none_verified,,,10.5,unapproved_candidates_only,pending_manual_review_not_site_calibrated,uncalibrated_satellite_ml_or_assumed_floors,normal,,,requires_researcher_signoff
B31,6cb2f4e3-1fe0-4062-8e51-4618f8fb4c8d,,none_verified,,,4.5,unapproved_candidates_only,pending_manual_review_high_priority,uncalibrated_satellite_ml_or_assumed_floors,high,,,requires_researcher_signoff
B32,624e83ef-7035-4668-9384-d2de83dfb2f5,,none_verified,,,,missing,pending_manual_review_high_priority,uncalibrated_satellite_ml_or_assumed_floors,high,,,requires_researcher_signoff
B33,bb6cee37-57ec-4ca0-b65d-11fa268d0181,,none_verified,,2,11.0,unapproved_candidates_only,pending_manual_review_not_site_calibrated,uncalibrated_satellite_ml_or_assumed_floors,normal,6.4,,requires_researcher_signoff
B34,4fa4c63f-4645-4b1e-8707-4ea7dfcf2810,Higginbotham's,none_verified,,2,6.5,unapproved_candidates_only,pending_manual_review_not_site_calibrated,uncalibrated_satellite_ml_or_assumed_floors,normal,6.4,,requires_researcher_signoff
B35,7da194cd-6a51-4dd4-9938-6be00166fbd5,,none_verified,,5,15.5,unapproved_candidates_only,pending_manual_review_not_site_calibrated,uncalibrated_satellite_ml_or_assumed_floors,normal,16.0,,requires_researcher_signoff
B36,c52bd3e7-0ae4-4695-9fab-f93329a865b3,,none_verified,,2,,unapproved_candidates_only,pending_manual_review_high_priority,uncalibrated_satellite_ml_or_assumed_floors,high,6.4,,requires_researcher_signoff
B37,939b1ff4-2f63-4ac4-a57f-9971000e6882,,none_verified,,5,8.0,unapproved_candidates_only,pending_manual_review_high_priority,uncalibrated_satellite_ml_or_assumed_floors,high,16.0,,requires_researcher_signoff
