map_label,building_id,name,longitude,latitude,footprint_area_m2,source_height_m,source_height_available_or_missing,source_height_classification,source_height_source,observed_height_m,observed_height_status,source_num_floors,floor_count_source,floor_count_review_status,proposed_height_from_floors_m,floor_height_classification,floor_height_inference_rule,google_2023_estimated_height_m,google_height_classification,google_height_source,google_ml_estimate_used_for_review,google_ml_estimate_used_in_model,google_height_valid_pixel_fraction,google_height_review_priority,height_available_or_missing,height_source_categories_available,confidence_or_review_status,quantitative_confidence,manual_estimate_height_m,verified_height_m,model_height_m,approved_height_classification,height_evidence_url_or_photo,manual_review_complete,reviewer,reviewed_at,source_datasets,source_record_ids
B01,ef5d616d-eab5-4d91-8ed5-af5fbbff9a09,,77.60439065,12.9744951,595.401,,missing,unknown,Overture 2026-09-23.1 source height field; source method not verified,,missing_not_measured_at_site,,unknown,missing,,unknown,,19.0,Google/ML-estimated,Google Open Buildings 2.5D Temporal v1; 2023; footprint median; estimated_heights_metadata.json,True,False,0.7152,normal,unapproved_candidates_only,Google/ML-estimated,pending_manual_review_not_site_calibrated,,,,,unknown,,False,,,OpenStreetMap,w328747356@3
B02,65d0175e-5fe0-42de-a955-fff258f4c6c8,,77.60447551,12.97484862,933.209,,missing,unknown,Overture 2026-09-23.1 source height field; source method not verified,,missing_not_measured_at_site,3,Overture 2026-09-23.1; OpenStreetMap; w1119219759@2,source_attribute_unverified,9.6,floor-count-derived,source floors x ASSUMED 3.2 m floor-to-floor; unapproved,18.5,Google/ML-estimated,Google Open Buildings 2.5D Temporal v1; 2023; footprint median; estimated_heights_metadata.json,True,False,0.4942,high,unapproved_candidates_only,floor-count-derived|Google/ML-estimated,pending_manual_review_high_priority,,,,,unknown,,False,,,OpenStreetMap,w1119219759@2
B03,963df15f-19f2-47fd-914d-7b80db9d335f,,77.60451528,12.97427032,57.439,,missing,unknown,Overture 2026-09-23.1 source height field; source method not verified,,missing_not_measured_at_site,,unknown,missing,,unknown,,2.5,Google/ML-estimated,Google Open Buildings 2.5D Temporal v1; 2023; footprint median; estimated_heights_metadata.json,True,False,0.0742,high,unapproved_candidates_only,Google/ML-estimated,pending_manual_review_high_priority,,,,,unknown,,False,,,Microsoft ML Buildings,
B04,ed8377d2-272f-43cc-821b-49fc34e87a99,Spencer Building,77.60455863,12.97540998,1719.791,,missing,unknown,Overture 2026-09-23.1 source height field; source method not verified,,missing_not_measured_at_site,5,Overture 2026-09-23.1; OpenStreetMap; w319365068@6,source_attribute_unverified,16.0,floor-count-derived,source floors x ASSUMED 3.2 m floor-to-floor; unapproved,18.0,Google/ML-estimated,Google Open Buildings 2.5D Temporal v1; 2023; footprint median; estimated_heights_metadata.json,True,False,0.9339,normal,unapproved_candidates_only,floor-count-derived|Google/ML-estimated,pending_manual_review_not_site_calibrated,,,,,unknown,,False,,,OpenStreetMap,w319365068@6
B05,30a23f8d-824e-4820-83c1-022fc18d55ca,,77.60482464,12.97514278,128.703,,missing,unknown,Overture 2026-09-23.1 source height field; source method not verified,,missing_not_measured_at_site,3,Overture 2026-09-23.1; OpenStreetMap; w1089718001@1,source_attribute_unverified,9.6,floor-count-derived,source floors x ASSUMED 3.2 m floor-to-floor; unapproved,7.5,Google/ML-estimated,Google Open Buildings 2.5D Temporal v1; 2023; footprint median; estimated_heights_metadata.json,True,False,0.6226,normal,unapproved_candidates_only,floor-count-derived|Google/ML-estimated,pending_manual_review_not_site_calibrated,,,,,unknown,,False,,,OpenStreetMap,w1089718001@1
B06,726d166e-edae-4ba0-bf15-14f5331634ce,,77.60487846,12.97469287,1160.177,,missing,unknown,Overture 2026-09-23.1 source height field; source method not verified,,missing_not_measured_at_site,,unknown,missing,,unknown,,18.0,Google/ML-estimated,Google Open Buildings 2.5D Temporal v1; 2023; footprint median; estimated_heights_metadata.json,True,False,0.8872,normal,unapproved_candidates_only,Google/ML-estimated,pending_manual_review_not_site_calibrated,,,,,unknown,,False,,,OpenStreetMap,w207901098@2
B07,303b78f1-b00b-4d54-b301-e871334fa9ac,,77.60492745,12.97489125,292.286,,missing,unknown,Overture 2026-09-23.1 source height field; source method not verified,,missing_not_measured_at_site,,unknown,missing,,unknown,,11.0,Google/ML-estimated,Google Open Buildings 2.5D Temporal v1; 2023; footprint median; estimated_heights_metadata.json,True,False,0.5813,normal,unapproved_candidates_only,Google/ML-estimated,pending_manual_review_not_site_calibrated,,,,,unknown,,False,,,OpenStreetMap,w1035562483@3
B08,933a85f1-2236-4666-8fea-c4eea0b7037d,,77.60497703,12.97420821,356.917,,missing,unknown,Overture 2026-09-23.1 source height field; source method not verified,,missing_not_measured_at_site,,unknown,missing,,unknown,,12.0,Google/ML-estimated,Google Open Buildings 2.5D Temporal v1; 2023; footprint median; estimated_heights_metadata.json,True,False,0.7722,normal,unapproved_candidates_only,Google/ML-estimated,pending_manual_review_not_site_calibrated,,,,,unknown,,False,,,OpenStreetMap,w327553599@4
B09,81d49e29-8870-40a5-87b3-5ebd6155465d,,77.60506103,12.9743759,211.311,,missing,unknown,Overture 2026-09-23.1 source height field; source method not verified,,missing_not_measured_at_site,,unknown,missing,,unknown,,5.5,Google/ML-estimated,Google Open Buildings 2.5D Temporal v1; 2023; footprint median; estimated_heights_metadata.json,True,False,0.5142,normal,unapproved_candidates_only,Google/ML-estimated,pending_manual_review_not_site_calibrated,,,,,unknown,,False,,,OpenStreetMap,w327553601@3
B10,0a37c790-2a4e-4082-a53b-6db6a65d90d9,Barton Centre,77.60506585,12.97531932,1433.414,,missing,unknown,Overture 2026-09-23.1 source height field; source method not verified,,missing_not_measured_at_site,14,Overture 2026-09-23.1; OpenStreetMap; w327534043@7,source_attribute_unverified,44.8,floor-count-derived,source floors x ASSUMED 3.2 m floor-to-floor; unapproved,52.5,Google/ML-estimated,Google Open Buildings 2.5D Temporal v1; 2023; footprint median; estimated_heights_metadata.json,True,False,0.8624,normal,unapproved_candidates_only,floor-count-derived|Google/ML-estimated,pending_manual_review_not_site_calibrated,,,,,unknown,,False,,,OpenStreetMap,w327534043@7
B11,ae72700f-c10f-43ff-be9b-2dca6c64f824,,77.60512609,12.97458181,453.158,,missing,unknown,Overture 2026-09-23.1 source height field; source method not verified,,missing_not_measured_at_site,,unknown,missing,,unknown,,13.0,Google/ML-estimated,Google Open Buildings 2.5D Temporal v1; 2023; footprint median; estimated_heights_metadata.json,True,False,0.8024,normal,unapproved_candidates_only,Google/ML-estimated,pending_manual_review_not_site_calibrated,,,,,unknown,,False,,,OpenStreetMap,w327553603@2
B12,bbdcbacc-5e92-4a79-af41-70a064ce516f,Asha Enclave,77.60520006,12.97478312,261.671,,missing,unknown,Overture 2026-09-23.1 source height field; source method not verified,,missing_not_measured_at_site,,unknown,missing,,unknown,,13.5,Google/ML-estimated,Google Open Buildings 2.5D Temporal v1; 2023; footprint median; estimated_heights_metadata.json,True,False,0.8278,normal,unapproved_candidates_only,Google/ML-estimated,pending_manual_review_not_site_calibrated,,,,,unknown,,False,,,OpenStreetMap,w327553590@2
B13,a9a89544-142e-45af-9da3-a552a2d61655,,77.60531381,12.97418398,741.388,,missing,unknown,Overture 2026-09-23.1 source height field; source method not verified,,missing_not_measured_at_site,,unknown,missing,,unknown,,12.0,Google/ML-estimated,Google Open Buildings 2.5D Temporal v1; 2023; footprint median; estimated_heights_metadata.json,True,False,0.7806,normal,unapproved_candidates_only,Google/ML-estimated,pending_manual_review_not_site_calibrated,,,,,unknown,,False,,,OpenStreetMap,r20071916@1
B14,39e6e603-9eb3-4e74-85eb-1da56481f262,,77.60535772,12.97550767,244.586,,missing,unknown,Overture 2026-09-23.1 source height field; source method not verified,,missing_not_measured_at_site,7,Overture 2026-09-23.1; OpenStreetMap; w1304116269@2,source_attribute_unverified,22.4,floor-count-derived,source floors x ASSUMED 3.2 m floor-to-floor; unapproved,21.0,Google/ML-estimated,Google Open Buildings 2.5D Temporal v1; 2023; footprint median; estimated_heights_metadata.json,True,False,0.8066,normal,unapproved_candidates_only,floor-count-derived|Google/ML-estimated,pending_manual_review_not_site_calibrated,,,,,unknown,,False,,,OpenStreetMap,w1304116269@2
B15,3761c330-0bb5-4222-896f-7decce6ceb38,Brigade Gardens,77.60541966,12.97453978,1344.774,,missing,unknown,Overture 2026-09-23.1 source height field; source method not verified,,missing_not_measured_at_site,,unknown,missing,,unknown,,13.5,Google/ML-estimated,Google Open Buildings 2.5D Temporal v1; 2023; footprint median; estimated_heights_metadata.json,True,False,0.8611,normal,unapproved_candidates_only,Google/ML-estimated,pending_manual_review_not_site_calibrated,,,,,unknown,,False,,,OpenStreetMap,w327553602@4
B16,b64c8dc6-602c-447b-b05e-42ab0858ce59,,77.60553209,12.9750903,1547.784,,missing,unknown,Overture 2026-09-23.1 source height field; source method not verified,,missing_not_measured_at_site,3,Overture 2026-09-23.1; OpenStreetMap; w327534067@6,source_attribute_unverified,9.6,floor-count-derived,source floors x ASSUMED 3.2 m floor-to-floor; unapproved,10.5,Google/ML-estimated,Google Open Buildings 2.5D Temporal v1; 2023; footprint median; estimated_heights_metadata.json,True,False,0.8393,normal,unapproved_candidates_only,floor-count-derived|Google/ML-estimated,pending_manual_review_not_site_calibrated,,,,,unknown,,False,,,OpenStreetMap,w327534067@6
B17,2febf00f-3e1c-4efc-849a-3ad61176e04b,,77.60554156,12.97547845,365.054,,missing,unknown,Overture 2026-09-23.1 source height field; source method not verified,,missing_not_measured_at_site,3,Overture 2026-09-23.1; OpenStreetMap; w327534047@3,source_attribute_unverified,9.6,floor-count-derived,source floors x ASSUMED 3.2 m floor-to-floor; unapproved,16.0,Google/ML-estimated,Google Open Buildings 2.5D Temporal v1; 2023; footprint median; estimated_heights_metadata.json,True,False,0.2103,high,unapproved_candidates_only,floor-count-derived|Google/ML-estimated,pending_manual_review_high_priority,,,,,unknown,,False,,,OpenStreetMap,w327534047@3
B18,17e6e014-cdfd-4f9e-a8a7-de1a3b46dfae,Shrungar Shopping Center,77.60556829,12.97521047,394.981,,missing,unknown,Overture 2026-09-23.1 source height field; source method not verified,,missing_not_measured_at_site,4,Overture 2026-09-23.1; OpenStreetMap; w319385961@2,source_attribute_unverified,12.8,floor-count-derived,source floors x ASSUMED 3.2 m floor-to-floor; unapproved,15.5,Google/ML-estimated,Google Open Buildings 2.5D Temporal v1; 2023; footprint median; estimated_heights_metadata.json,True,False,0.7603,normal,unapproved_candidates_only,floor-count-derived|Google/ML-estimated,pending_manual_review_not_site_calibrated,,,,,unknown,,False,,,OpenStreetMap,w319385961@2
B19,3ebbedfa-d60f-4cba-95a1-a1fd3d766e8d,,77.60560131,12.97416752,395.971,,missing,unknown,Overture 2026-09-23.1 source height field; source method not verified,,missing_not_measured_at_site,2,Overture 2026-09-23.1; OpenStreetMap; w349698888@5,source_attribute_unverified,6.4,floor-count-derived,source floors x ASSUMED 3.2 m floor-to-floor; unapproved,,unknown,Google Open Buildings 2.5D Temporal v1; 2023; footprint median; estimated_heights_metadata.json,False,False,0.0,high,unapproved_candidates_only,floor-count-derived,pending_manual_review_high_priority,,,,,unknown,,False,,,OpenStreetMap,w349698888@5
B20,a619c0f2-f3fd-4fa1-a1da-994607bd9bbf,,77.60577867,12.97456749,152.68,,missing,unknown,Overture 2026-09-23.1 source height field; source method not verified,,missing_not_measured_at_site,,unknown,missing,,unknown,,7.0,Google/ML-estimated,Google Open Buildings 2.5D Temporal v1; 2023; footprint median; estimated_heights_metadata.json,True,False,0.7537,normal,unapproved_candidates_only,Google/ML-estimated,pending_manual_review_not_site_calibrated,,,,,unknown,,False,,,OpenStreetMap,w1393103486@1
B21,210df0cd-d537-402e-a40b-04262339a436,,77.60577899,12.97421608,382.452,,missing,unknown,Overture 2026-09-23.1 source height field; source method not verified,,missing_not_measured_at_site,,unknown,missing,,unknown,,8.5,Google/ML-estimated,Google Open Buildings 2.5D Temporal v1; 2023; footprint median; estimated_heights_metadata.json,True,False,0.5288,normal,unapproved_candidates_only,Google/ML-estimated,pending_manual_review_not_site_calibrated,,,,,unknown,,False,,,OpenStreetMap,w1089717999@2
B22,0b6594d3-332f-4d43-b874-d575e502be91,Raymonds,77.60578473,12.97541099,507.094,,missing,unknown,Overture 2026-09-23.1 source height field; source method not verified,,missing_not_measured_at_site,3,Overture 2026-09-23.1; OpenStreetMap; w327534053@4,source_attribute_unverified,9.6,floor-count-derived,source floors x ASSUMED 3.2 m floor-to-floor; unapproved,12.0,Google/ML-estimated,Google Open Buildings 2.5D Temporal v1; 2023; footprint median; estimated_heights_metadata.json,True,False,0.8693,normal,unapproved_candidates_only,floor-count-derived|Google/ML-estimated,pending_manual_review_not_site_calibrated,,,,,unknown,,False,,,OpenStreetMap,w327534053@4
B23,bb5dfffb-c9ea-482e-b3bd-45b374348aa6,,77.60582265,12.97441695,45.845,,missing,unknown,Overture 2026-09-23.1 source height field; source method not verified,,missing_not_measured_at_site,,unknown,missing,,unknown,,,unknown,Google Open Buildings 2.5D Temporal v1; 2023; footprint median; estimated_heights_metadata.json,False,False,0.0,high,missing,unknown,pending_manual_review_high_priority,,,,,unknown,,False,,,Google Open Buildings,7J4VXJF4+Q88M
B24,01edc8ba-e07a-4453-b17f-25f1771d79a3,,77.60582865,12.97465895,140.946,,missing,unknown,Overture 2026-09-23.1 source height field; source method not verified,,missing_not_measured_at_site,5,Overture 2026-09-23.1; OpenStreetMap; w349698909@3,source_attribute_unverified,16.0,floor-count-derived,source floors x ASSUMED 3.2 m floor-to-floor; unapproved,12.5,Google/ML-estimated,Google Open Buildings 2.5D Temporal v1; 2023; footprint median; estimated_heights_metadata.json,True,False,0.8696,normal,unapproved_candidates_only,floor-count-derived|Google/ML-estimated,pending_manual_review_not_site_calibrated,,,,,unknown,,False,,,OpenStreetMap,w349698909@3
B25,5a04242f-b5b0-4f2a-8b9a-66a496613408,,77.6058414,12.97508635,144.681,,missing,unknown,Overture 2026-09-23.1 source height field; source method not verified,,missing_not_measured_at_site,,unknown,missing,,unknown,,13.0,Google/ML-estimated,Google Open Buildings 2.5D Temporal v1; 2023; footprint median; estimated_heights_metadata.json,True,False,0.8941,normal,unapproved_candidates_only,Google/ML-estimated,pending_manual_review_not_site_calibrated,,,,,unknown,,False,,,OpenStreetMap,w1412295514@1
B26,4ed407a7-a8bd-4dbb-9244-25465b5c7235,,77.60585029,12.97492208,380.998,,missing,unknown,Overture 2026-09-23.1 source height field; source method not verified,,missing_not_measured_at_site,,unknown,missing,,unknown,,20.0,Google/ML-estimated,Google Open Buildings 2.5D Temporal v1; 2023; footprint median; estimated_heights_metadata.json,True,False,0.9351,normal,unapproved_candidates_only,Google/ML-estimated,pending_manual_review_not_site_calibrated,,,,,unknown,,False,,,OpenStreetMap,w327534069@3
B27,a4508836-4e70-4190-9644-1815380b7313,,77.60587556,12.97523752,15.267,,missing,unknown,Overture 2026-09-23.1 source height field; source method not verified,,missing_not_measured_at_site,,unknown,missing,,unknown,,12.0,Google/ML-estimated,Google Open Buildings 2.5D Temporal v1; 2023; footprint median; estimated_heights_metadata.json,True,False,1.0,normal,unapproved_candidates_only,Google/ML-estimated,pending_manual_review_not_site_calibrated,,,,,unknown,,False,,,Google Open Buildings,7J4VXJG4+39RC
B28,51affa39-675c-4110-8e37-257c1b3785e7,,77.60591315,12.9753888,115.058,,missing,unknown,Overture 2026-09-23.1 source height field; source method not verified,,missing_not_measured_at_site,2,Overture 2026-09-23.1; OpenStreetMap; w1304116268@1,source_attribute_unverified,6.4,floor-count-derived,source floors x ASSUMED 3.2 m floor-to-floor; unapproved,10.0,Google/ML-estimated,Google Open Buildings 2.5D Temporal v1; 2023; footprint median; estimated_heights_metadata.json,True,False,0.9478,normal,unapproved_candidates_only,floor-count-derived|Google/ML-estimated,pending_manual_review_not_site_calibrated,,,,,unknown,,False,,,OpenStreetMap,w1304116268@1
B29,3acc0505-729f-4947-9f7e-2f4f4b4bc079,,77.60597156,12.97491488,146.43,,missing,unknown,Overture 2026-09-23.1 source height field; source method not verified,,missing_not_measured_at_site,,unknown,missing,,unknown,,19.0,Google/ML-estimated,Google Open Buildings 2.5D Temporal v1; 2023; footprint median; estimated_heights_metadata.json,True,False,0.7347,normal,unapproved_candidates_only,Google/ML-estimated,pending_manual_review_not_site_calibrated,,,,,unknown,,False,,,OpenStreetMap,w1412295513@1
B30,a277aeb6-f951-49a4-8f4f-198b9d37ac65,,77.60601867,12.9752409,480.262,,missing,unknown,Overture 2026-09-23.1 source height field; source method not verified,,missing_not_measured_at_site,,unknown,missing,,unknown,,10.5,Google/ML-estimated,Google Open Buildings 2.5D Temporal v1; 2023; footprint median; estimated_heights_metadata.json,True,False,0.8678,normal,unapproved_candidates_only,Google/ML-estimated,pending_manual_review_not_site_calibrated,,,,,unknown,,False,,,OpenStreetMap,w327534063@2
B31,6cb2f4e3-1fe0-4062-8e51-4618f8fb4c8d,,77.60603766,12.97452082,286.965,,missing,unknown,Overture 2026-09-23.1 source height field; source method not verified,,missing_not_measured_at_site,,unknown,missing,,unknown,,4.5,Google/ML-estimated,Google Open Buildings 2.5D Temporal v1; 2023; footprint median; estimated_heights_metadata.json,True,False,0.3118,high,unapproved_candidates_only,Google/ML-estimated,pending_manual_review_high_priority,,,,,unknown,,False,,,OpenStreetMap,w349698958@3
B32,624e83ef-7035-4668-9384-d2de83dfb2f5,,77.60605222,12.97496219,130.644,,missing,unknown,Overture 2026-09-23.1 source height field; source method not verified,,missing_not_measured_at_site,,unknown,missing,,unknown,,,unknown,Google Open Buildings 2.5D Temporal v1; 2023; footprint median; estimated_heights_metadata.json,False,False,0.0,high,missing,unknown,pending_manual_review_high_priority,,,,,unknown,,False,,,Google Open Buildings,7J4VXJF4+XCMG
B33,bb6cee37-57ec-4ca0-b65d-11fa268d0181,,77.60608214,12.9754014,297.973,,missing,unknown,Overture 2026-09-23.1 source height field; source method not verified,,missing_not_measured_at_site,2,Overture 2026-09-23.1; OpenStreetMap; w327534051@5,source_attribute_unverified,6.4,floor-count-derived,source floors x ASSUMED 3.2 m floor-to-floor; unapproved,11.0,Google/ML-estimated,Google Open Buildings 2.5D Temporal v1; 2023; footprint median; estimated_heights_metadata.json,True,False,0.9286,normal,unapproved_candidates_only,floor-count-derived|Google/ML-estimated,pending_manual_review_not_site_calibrated,,,,,unknown,,False,,,OpenStreetMap,w327534051@5
B34,4fa4c63f-4645-4b1e-8707-4ea7dfcf2810,Higginbotham's,77.60629206,12.97524375,419.848,,missing,unknown,Overture 2026-09-23.1 source height field; source method not verified,,missing_not_measured_at_site,2,Overture 2026-09-23.1; OpenStreetMap; r20071915@1,source_attribute_unverified,6.4,floor-count-derived,source floors x ASSUMED 3.2 m floor-to-floor; unapproved,6.5,Google/ML-estimated,Google Open Buildings 2.5D Temporal v1; 2023; footprint median; estimated_heights_metadata.json,True,False,0.6546,normal,unapproved_candidates_only,floor-count-derived|Google/ML-estimated,pending_manual_review_not_site_calibrated,,,,,unknown,,False,,,OpenStreetMap,r20071915@1
B35,7da194cd-6a51-4dd4-9938-6be00166fbd5,,77.60636434,12.9749889,592.531,,missing,unknown,Overture 2026-09-23.1 source height field; source method not verified,,missing_not_measured_at_site,5,Overture 2026-09-23.1; OpenStreetMap; w327534062@5,source_attribute_unverified,16.0,floor-count-derived,source floors x ASSUMED 3.2 m floor-to-floor; unapproved,15.5,Google/ML-estimated,Google Open Buildings 2.5D Temporal v1; 2023; footprint median; estimated_heights_metadata.json,True,False,0.8811,normal,unapproved_candidates_only,floor-count-derived|Google/ML-estimated,pending_manual_review_not_site_calibrated,,,,,unknown,,False,,,OpenStreetMap,w327534062@5
B36,c52bd3e7-0ae4-4695-9fab-f93329a865b3,,77.60643365,12.97479913,172.062,,missing,unknown,Overture 2026-09-23.1 source height field; source method not verified,,missing_not_measured_at_site,2,Overture 2026-09-23.1; OpenStreetMap; w1350409197@1,source_attribute_unverified,6.4,floor-count-derived,source floors x ASSUMED 3.2 m floor-to-floor; unapproved,,unknown,Google Open Buildings 2.5D Temporal v1; 2023; footprint median; estimated_heights_metadata.json,False,False,0.0,high,unapproved_candidates_only,floor-count-derived,pending_manual_review_high_priority,,,,,unknown,,False,,,OpenStreetMap,w1350409197@1
B37,939b1ff4-2f63-4ac4-a57f-9971000e6882,,77.60649667,12.9752677,330.608,,missing,unknown,Overture 2026-09-23.1 source height field; source method not verified,,missing_not_measured_at_site,5,Overture 2026-09-23.1; OpenStreetMap; w327534050@3,source_attribute_unverified,16.0,floor-count-derived,source floors x ASSUMED 3.2 m floor-to-floor; unapproved,8.0,Google/ML-estimated,Google Open Buildings 2.5D Temporal v1; 2023; footprint median; estimated_heights_metadata.json,True,False,0.8513,high,unapproved_candidates_only,floor-count-derived|Google/ML-estimated,pending_manual_review_high_priority,,,,,unknown,,False,,,OpenStreetMap,w327534050@3
