source_row,source_column,longitude,latitude,easting_epsg32643_m,northing_epsg32643_m,elevation_egm96_m,status
89,2176,77.60444444444444,12.975277777777778,782545.5248017542,1435844.389366371,923,source_DEM_sample_not_surveyed_ground
89,2177,77.60472222222222,12.975277777777778,782575.6785787041,1435844.697357124,923,source_DEM_sample_not_surveyed_ground
89,2178,77.605,12.975277777777778,782605.832361672,1435845.0053808317,927,source_DEM_sample_not_surveyed_ground
89,2179,77.60527777777777,12.975277777777778,782635.9861506582,1435845.3134374942,934,source_DEM_sample_not_surveyed_ground
89,2180,77.60555555555555,12.975277777777778,782666.1399456661,1435845.6215271114,929,source_DEM_sample_not_surveyed_ground
89,2181,77.60583333333334,12.975277777777778,782696.2937466949,1435845.9296496836,922,source_DEM_sample_not_surveyed_ground
89,2182,77.6061111111111,12.975277777777778,782726.4475537456,1435846.2378052108,923,source_DEM_sample_not_surveyed_ground
89,2183,77.60638888888889,12.975277777777778,782756.6013668184,1435846.5459936925,929,source_DEM_sample_not_surveyed_ground
90,2176,77.60444444444444,12.975,782545.8388325245,1435813.6422773188,916,source_DEM_sample_not_surveyed_ground
90,2177,77.60472222222222,12.975,782575.9926430773,1435813.9502619342,921,source_DEM_sample_not_surveyed_ground
90,2178,77.605,12.975,782606.1464596479,1435814.2582795045,926,source_DEM_sample_not_surveyed_ground
90,2179,77.60527777777777,12.975,782636.3002822369,1435814.5663300285,928,source_DEM_sample_not_surveyed_ground
90,2180,77.60555555555555,12.975,782666.4541108477,1435814.8744135066,925,source_DEM_sample_not_surveyed_ground
90,2181,77.60583333333334,12.975,782696.6079454796,1435815.1825299389,922,source_DEM_sample_not_surveyed_ground
90,2182,77.6061111111111,12.975,782726.7617861332,1435815.490679325,924,source_DEM_sample_not_surveyed_ground
90,2183,77.60638888888889,12.975,782756.915632809,1435815.798861666,927,source_DEM_sample_not_surveyed_ground
91,2176,77.60444444444444,12.974722222222223,782546.152856682,1435782.8951887856,916,source_DEM_sample_not_surveyed_ground
91,2177,77.60472222222222,12.974722222222223,782576.3067008369,1435783.2031672643,920,source_DEM_sample_not_surveyed_ground
91,2178,77.605,12.974722222222223,782606.4605510095,1435783.5111786965,922,source_DEM_sample_not_surveyed_ground
91,2179,77.60527777777777,12.974722222222223,782636.6144072007,1435783.8192230817,923,source_DEM_sample_not_surveyed_ground
91,2180,77.60555555555555,12.974722222222223,782666.7682694136,1435784.1273004208,922,source_DEM_sample_not_surveyed_ground
91,2181,77.60583333333334,12.974722222222223,782696.9221376476,1435784.4354107133,922,source_DEM_sample_not_surveyed_ground
91,2182,77.6061111111111,12.974722222222223,782727.0760119035,1435784.743553959,922,source_DEM_sample_not_surveyed_ground
91,2183,77.60638888888889,12.974722222222223,782757.2298921817,1435785.0517301585,925,source_DEM_sample_not_surveyed_ground
92,2176,77.60444444444444,12.974444444444444,782546.4668742265,1435752.1481007724,916,source_DEM_sample_not_surveyed_ground
92,2177,77.60472222222222,12.974444444444444,782576.6207519828,1435752.4560731137,919,source_DEM_sample_not_surveyed_ground
92,2178,77.605,12.974444444444444,782606.7746357569,1435752.7640784075,920,source_DEM_sample_not_surveyed_ground
92,2179,77.60527777777777,12.974444444444444,782636.9285255496,1435753.0721166546,921,source_DEM_sample_not_surveyed_ground
92,2180,77.60555555555555,12.974444444444444,782667.0824213639,1435753.3801878544,921,source_DEM_sample_not_surveyed_ground
92,2181,77.60583333333334,12.974444444444444,782697.2363231995,1435753.6882920067,920,source_DEM_sample_not_surveyed_ground
92,2182,77.6061111111111,12.974444444444444,782727.3902310566,1435753.996429112,920,source_DEM_sample_not_surveyed_ground
92,2183,77.60638888888889,12.974444444444444,782757.5441449365,1435754.3045991706,923,source_DEM_sample_not_surveyed_ground
