candidate_id,iteration,method,is_feasible,rejection_reason,objective_value,x,y,length,width,height,heading_deg,albedo,area_m2,mean_utci_c,p90_utci_c,pct_improved_cells,delta_mean_utci_c,recomputed_cells,reused_cells,ray_work_reduction_pct,gpu_kernel_time_ms,certificate_violations,wall_time_s
CAND_0000_DETE,0,deterministic_baseline,True,,54.96739520958084,131.789,64.007,6.0,3.0,3.5,102.44,0.6,18.0,36.47739520958084,36.8,0.7485029940119761,-0.013173652694611349,72,28048,99.744,10.626,0,1.5715
CAND_0001_RAND,1,random,False,OUT_OF_BOUNDS,,144.82802218501834,62.46093347578489,10.727381279202442,3.7434200726484095,2.960101491409004,114.3905587909189,0.6947408062937294,40.157094407519196,,,,,,,,,,0.0
CAND_0002_RAND,2,random,True,,54.98211962517849,145.37289373746293,57.17793175548428,7.053473441060104,2.926995060581453,4.375500481042623,106.09662800201662,0.7347950486260395,20.64548192192539,36.47889221556886,36.8,0.8982035928143712,-0.011676646706590077,70,28050,99.7511,11.9,0,0.0575
CAND_0003_RAND,3,random,True,,54.97086822518943,129.9536389472299,58.863058270341206,7.991263083142513,2.159543140260438,4.2069729923873895,105.79160997805162,0.6927570310554929,17.257477373216894,36.484580838323346,36.8,0.5988023952095809,-0.005988023952106403,70,28050,99.7511,11.944,0,0.0753
CAND_0004_RAND,4,random,False,OUT_OF_BOUNDS,,125.95366856584408,71.50186641471336,11.038090091899779,3.9459587426844047,3.130885803348345,101.66802509317586,0.22847244776169873,43.55584810067003,,,,,,,,,,0.0
CAND_0005_RAND,5,random,False,OUT_OF_BOUNDS,,116.94302714303966,66.61183220512173,9.702859403170354,4.418774331085525,3.3539031088348583,99.26149265087172,0.5052112773292752,42.87474606886098,,,,,,,,,,0.0
CAND_0006_RAND,6,random,False,OUT_OF_BOUNDS,,118.52621115879286,57.20866559070302,7.281344336033404,2.56727337262721,3.938683790960267,100.92879797180827,0.7412408274375943,18.69320143082851,,,,,,,,,,0.0
CAND_0007_RAND,7,random,True,,55.064323726338834,141.5119295901012,60.3102329034947,10.49033821255681,4.011910893742005,3.4587132443512965,97.20820259825611,0.643622077583734,42.0863021539947,36.453892215568864,36.8,1.7964071856287425,-0.036676646706588656,88,28032,99.6871,12.92,0,0.066
CAND_0008_RAND,8,random,False,OUT_OF_BOUNDS,,116.28886176241895,58.39843944207684,3.0662604277590497,3.967310943755346,3.9302464562064543,107.62913446565838,0.7074738701642791,12.164808551452428,,,,,,,,,,0.0
CAND_0009_RAND,9,random,False,OUT_OF_BOUNDS,,130.6512098992253,64.6686003311992,4.258172983148917,2.2863251838399337,3.9362850350438015,101.77740515357831,0.5674034692127727,9.735568128520187,,,,,,,,,,0.0
CAND_0010_RAND,10,random,False,OUT_OF_BOUNDS,,144.42494858372115,65.79021144001004,7.982214605921962,3.398017901863534,3.3167151667064405,90.77044586419848,0.4838663030010355,27.1237081274394,,,,,,,,,,0.0
CAND_0011_RAND,11,random,True,,55.00645220703886,119.65631027687881,61.94498694331882,10.680627659413496,2.5848487146633516,2.8991146608714122,97.03459730054992,0.3908359425483443,27.607806677232816,36.4684131736527,36.8,1.1976047904191618,-0.02215568862275319,66,28054,99.7653,6.045,0,0.069
CAND_0012_RAND,12,random,False,OUT_OF_BOUNDS,,139.78624316271026,64.46954658980174,10.05508388195772,3.660783850818469,3.4908576644481197,110.35050961665087,0.30853239794000753,36.809488693695904,,,,,,,,,,0.0
CAND_0013_RAND,13,random,False,OUT_OF_BOUNDS,,111.02204329102372,56.53081363318591,9.501234155368053,3.1546930756284683,3.074162024357123,102.52611937758408,0.29900286676355947,29.973477599864296,,,,,,,,,,0.0
CAND_0014_RAND,14,random,False,OUT_OF_BOUNDS,,141.33441687849813,62.58465668475852,6.429191034868342,2.7537802228696915,3.8714804083021104,99.04531526383477,0.25697244755546567,17.704579120871568,,,,,,,,,,0.0
CAND_0015_RAND,15,random,False,OUT_OF_BOUNDS,,115.31026559542319,71.35226029734174,11.177226216368464,3.749267834526874,3.2519789344811834,114.22940943369309,0.7061880875777664,41.90641473226079,,,,,,,,,,0.0
CAND_0016_RAND,16,random,False,OUT_OF_BOUNDS,,142.26005851215479,62.63914553644441,5.450174056606431,2.2409774053837483,4.334424074124531,101.39440724584028,0.3315361871168997,12.2137169162637,,,,,,,,,,0.0
CAND_0017_RAND,17,random,True,,54.97201412912918,123.76804808677936,64.84673267201224,4.590955046453086,4.141535710230938,4.089483200719857,107.98657389877341,0.4808604758538174,19.01360426895039,36.47694610778443,36.8,0.7485029940119761,-0.013622754491024125,63,28057,99.776,7.2,0,0.0765
CAND_0018_RAND,18,random,False,OUT_OF_BOUNDS,,138.22889783160994,64.9296654715165,8.84861941399338,2.211110802849723,3.5068725836900363,91.04035434654732,0.5210940325089373,19.565277976586547,,,,,,,,,,0.0
CAND_0019_RAND,19,random,True,,54.947520227599,124.84375455497533,57.456911210722794,3.930626709502965,3.46911143044428,3.090008046512706,113.12800295941993,0.5776897408052567,13.635782046746325,36.47934131736527,36.8,0.5988023952095809,-0.011227544910184406,56,28064,99.8009,8.502,0,0.0751
CAND_0020_RAND,20,random,False,OUT_OF_BOUNDS,,125.60914120406767,65.04556335518409,3.2052348392672774,4.396398033103614,3.6199158428029303,109.56838068125715,0.25377449994958506,14.091488142989835,,,,,,,,,,0.0
CAND_0021_RAND,21,random,False,OUT_OF_BOUNDS,,131.8996248877172,63.34201890402686,11.440438094774846,3.429320130940188,3.6049319817968213,96.67439157729734,0.41551984827265886,39.232924665186395,,,,,,,,,,0.0
CAND_0022_RAND,22,random,True,,54.94712567538442,133.4302581112192,62.461494825185795,3.194508718922974,4.0657298104858945,4.323473312127604,93.50622722496527,0.560123493300382,12.98800932838224,36.48218562874251,36.8,0.5988023952095809,-0.008383233532939016,56,28064,99.8009,9.969,0,0.0601
CAND_0023_RAND,23,random,True,,54.980393748614674,114.88590835109495,66.42808158167679,5.531104054551075,3.6485565867297547,4.0358908442877,109.21618729794142,0.27003161487133276,20.180546130119975,36.47949101796407,36.8,0.7485029940119761,-0.011077844311380147,72,28048,99.744,7.86,0,0.0726
CAND_0024_RAND,24,random,True,,54.93884475253217,151.22053303119236,58.913637845212975,3.336713005585618,3.3871311734787084,3.430567882566146,110.74474357831033,0.7253634568417962,11.30188463817088,36.48233532934132,36.8,0.4491017964071856,-0.008233532934134757,49,28071,99.8257,6.004,0,0.0656
CAND_0025_RAND,25,random,False,OUT_OF_BOUNDS,,124.2712501770222,71.19928971618566,5.6182605432610675,3.2876428230792865,3.2351406539649243,113.40108925122408,0.3069950814283118,18.470833953241783,,,,,,,,,,0.0
CAND_0026_LHS,26,lhs,True,,54.96556824200485,123.02050987864038,62.13393893171477,8.165085603523988,2.035084899265978,3.457515622141922,95.36543311048175,0.5168753212452495,16.6166424129457,36.48248502994012,36.8,0.5988023952095809,-0.008083832335330499,60,28060,99.7866,6.432,0,0.0749
CAND_0027_LHS,27,lhs,False,OUT_OF_BOUNDS,,125.83486262173902,65.72755024393017,6.717951976401582,2.354778579829076,2.902528216747583,99.56166047614086,0.2553235557434434,15.819289414350852,,,,,,,,,,0.0
CAND_0028_LHS,28,lhs,False,OUT_OF_BOUNDS,,142.92168073323856,61.42158822501,3.11137842328531,3.4915579780357957,3.5501371667765254,90.77583668481019,0.39782587903083144,10.86355815651026,,,,,,,,,,0.0
CAND_0029_LHS,29,lhs,False,OUT_OF_BOUNDS,,153.97405594449944,71.95210492430365,11.934806295905858,3.899010638308593,3.033611287379221,100.35967983242786,0.666797396623774,46.53393671388932,,,,,,,,,,0.0
CAND_0030_LHS,30,lhs,True,,55.00576642652053,135.47747568425493,55.85126001654398,6.057820374442446,4.233255805400052,3.7223999546834965,94.80242618121862,0.34538841662178577,25.644303268179204,36.47754491017964,36.8,0.8982035928143712,-0.013023952095814195,72,28048,99.744,11.943,0,0.0688
CAND_0031_LHS,31,lhs,False,OUT_OF_BOUNDS,,116.1814597799317,68.84462575433713,5.070853822602846,2.701090228903243,3.2508282743485957,110.4138293068382,0.7362101924290938,13.696833712429205,,,,,,,,,,0.0
CAND_0032_LHS,32,lhs,True,,55.01910245623619,128.4251000062768,56.723691689103944,9.739725640816381,2.866845400388823,4.307473407397895,113.21180020584484,0.82213012236328,27.922287654423524,36.47949101796407,36.8,0.8982035928143712,-0.011077844311380147,99,28021,99.6479,14.635,0,0.0796
CAND_0033_LHS,33,lhs,True,,55.0694635876873,113.36055325107061,63.89041525099805,8.996577791487224,4.446190862313047,3.897162469952971,105.38403348798015,0.5520570576707075,40.000501968598996,36.46946107784431,36.8,1.4970059880239521,-0.021107784431144694,88,28032,99.6871,6.752,0,0.0621
CAND_0034_LHS,34,lhs,True,,54.95548908012146,138.1810723216529,58.624097770237086,4.760060931342273,3.004459195994247,4.37213272570173,107.78872515916339,0.2682015177952936,14.30140883866423,36.48398203592814,36.8,0.5988023952095809,-0.006586826347309227,63,28057,99.776,11.243,0,0.0756
CAND_0035_LHS,35,lhs,False,OUT_OF_BOUNDS,,150.21565917740202,68.05201974514186,10.457801604193849,3.527285999191434,4.030232601709589,102.5528700408411,0.614284918999872,36.88765718079468,,,,,,,,,,0.0
CAND_0036_EVOL,36,evolutionary,True,,54.93094153527447,137.53392016873616,57.10813768960236,3.336713005585618,2.6442302886245725,3.430567882566146,110.74474357831033,0.7253634568417962,8.823037593817023,36.48682634730539,36.8,0.29940119760479045,-0.003742514970063837,56,28064,99.8009,11.088,0,0.0737
CAND_0037_EVOL,37,evolutionary,False,OUT_OF_BOUNDS,,133.4302581112192,64.71007352980921,8.030318186819773,2.345215854908079,4.058482472937341,93.50622722496527,0.6575336451251181,18.83282953168643,,,,,,,,,,0.0
CAND_0038_EVOL,38,evolutionary,True,,54.972377561879945,119.82447371781393,64.82539004659623,8.78505513785285,2.032855301268855,3.0214492592910567,92.69107053090005,0.6827745623476027,17.858745908923357,36.48308383233533,36.8,0.5988023952095809,-0.007485029940120569,70,28050,99.7511,6.794,0,0.0519
CAND_0039_EVOL,39,evolutionary,True,,54.9581836908999,125.66438361058493,56.68415862331569,4.760060931342273,3.004459195994247,3.501744702576508,108.66111657190257,0.5577514874554477,14.30140883866423,36.486676646706584,36.8,0.4491017964071856,-0.003892215568868096,63,28057,99.776,8.08,0,0.0704
CAND_0040_EVOL,40,evolutionary,True,,54.941368130192195,135.08827689142763,61.615934971072605,3.059906912997559,3.995455480979497,3.457515622141922,108.88620711952429,0.2,12.22572184682315,36.48023952095808,36.8,0.5988023952095809,-0.010329341317373064,64,28056,99.7724,11.646,0,0.081
CAND_0041_EVOL,41,evolutionary,False,OUT_OF_BOUNDS,,132.0502666724121,64.007,4.015179651947559,3.0,3.231332809003643,102.44,0.47136026177599477,12.045538955842677,,,,,,,,,,0.0
CAND_0042_EVOL,42,evolutionary,True,,54.969009817183576,129.9536389472299,58.863058270341206,5.400673253004186,2.9713836899545316,3.1112502354417453,109.90489939965778,0.7776897408052567,16.04747241875032,36.48877245508982,36.8,0.4491017964071856,-0.0017964071856297892,63,28057,99.776,7.462,0,0.0789
CAND_0043_EVOL,43,evolutionary,True,,54.985454843394876,135.07590011545605,60.94257015051611,4.965313354751483,4.141535710230938,4.089483200719857,107.78400147970996,0.5888448704026283,20.56402257118985,36.482634730538926,36.8,0.5988023952095809,-0.00793413173652624,63,28057,99.776,12.661,0,0.0634
CAND_0044_SURR,44,surrogate_best_ei,True,,54.93551164600241,113.29003280041272,61.65157992893056,3.4707202516343925,2.9866429740322418,3.035263728704436,108.26319488932393,0.7416857220686652,10.365802254375273,36.483682634730535,36.8,0.4491017964071856,-0.006886227544917745,49,28071,99.8257,6.703,0,1.671
CAND_0045_SURR,45,surrogate_high_uncertainty,True,,55.05755858738238,115.24162771699444,65.47645459483968,8.462745610203966,4.431155461338429,3.436734118134264,91.6269406794379,0.5493993326522582,37.49974142857312,36.47005988023952,36.8,1.1976047904191618,-0.020508982035934764,77,28043,99.7262,6.649,0,0.0543
CAND_0046_SURR,46,surrogate_boundary,True,,54.94100423872957,114.81976937587277,58.36824669317126,5.9030307727242635,2.0029714721400693,3.8329805741526304,108.49320693384102,0.2000076050294757,11.823602236931649,36.48188622754491,36.8,0.5988023952095809,-0.008682634730540428,63,28057,99.776,8.036,0,0.0589
CAND_0047_SURR,47,surrogate_pareto,True,,54.94566684761103,112.6529755286265,65.84522455281709,3.280989396075849,3.605004123084173,3.8687001496866475,104.3296806595659,0.6063997463998292,11.827980300648887,36.48652694610779,36.8,0.4491017964071856,-0.004041916167665249,64,28056,99.7724,7.789,0,0.0779
CAND_0048_SURR,48,surrogate_random_exploration,True,,54.97226249407178,110.46104121725658,60.770853499701744,5.3050464094315934,3.4297558174170417,2.9059130094823105,96.76298991775502,0.22910016849246997,18.195013784415398,36.4812874251497,36.8,0.5988023952095809,-0.009281437125750358,56,28064,99.8009,6.66,0,0.0541
CAND_0049_SURR,49,surrogate_best_ei,True,,54.93678519246175,132.88226902162788,56.58653031966772,4.781862241798377,2.033163537930053,4.213591281201537,106.5818208326921,0.6934812467790825,9.722307953428922,36.488173652694606,36.8,0.29940119760479045,-0.0023952095808468243,63,28057,99.776,26.91,0,0.0882
CAND_0050_SURR,50,surrogate_high_uncertainty,True,,55.003240820744615,110.14211559347876,62.432998733292536,8.257788517076694,3.3162257713915357,4.045713566768222,91.63805217384953,0.7105208703307979,27.384691095030824,36.46631736526946,36.8,1.4970059880239521,-0.024251497005991496,70,28050,99.7511,16.402,0,0.0753
CAND_0051_SURR,51,surrogate_boundary,True,,54.95652322676822,110.00086577824605,68.89322524832171,7.278970426587897,2.178267341122982,3.383875375423932,102.65886090626964,0.28807075995054987,15.855543557236434,36.47724550898204,36.8,0.5988023952095809,-0.013323353293415607,70,28050,99.7511,15.876,0,0.0744
CAND_0052_SURR,52,surrogate_pareto,True,,54.932355582999925,128.92216437035495,60.042614947273435,3.558585653634662,2.1045104434095503,2.9617389539386254,90.1258207203028,0.4126084866138612,7.489080671841546,36.49491017964072,36.8,0.14970059880239522,0.0043413173652666615,42,28078,99.8506,10.817,0,0.0563
CAND_0053_SURR,53,surrogate_random_exploration,True,,54.98659695840545,133.97133960686367,58.40463570290464,5.246495330608026,4.105778659831763,4.10612641554073,91.52036790145097,0.5612862585475712,21.540948567317425,36.47889221556886,36.8,0.8982035928143712,-0.011676646706590077,56,28064,99.8009,17.289,0,0.0623
CAND_0054_SURR,54,surrogate_best_ei,True,,54.98793273991104,127.03829977371015,63.73329679122561,10.313216302355658,2.114578442755464,3.469138072299139,100.38606972395925,0.3630961537036201,21.808104868435493,36.47889221556886,36.8,0.7485029940119761,-0.011676646706590077,77,28043,99.7262,51.398,0,0.1927
CAND_0055_SURR,55,surrogate_high_uncertainty,True,,55.042726071608406,115.55741694922739,61.50934877341169,8.225823167341286,4.110795322440062,3.9099511950755232,96.89618926699625,0.5832581383511732,33.81467539952565,36.47365269461078,36.8,1.1976047904191618,-0.016916167664675186,80,28040,99.7155,8.267,0,0.079
CAND_0056_SURR,56,surrogate_boundary,True,,54.93588802507709,113.06686244942627,68.44481054710585,5.115672479653067,2.000029765721246,3.9365102529081626,99.37390334581664,0.6857492756233792,10.231497230987149,36.48473053892216,36.8,0.29940119760479045,-0.0058383233532950385,54,28066,99.808,6.672,0,0.077
CAND_0057_SURR,57,surrogate_pareto,True,,54.930072788651486,118.87098931126303,66.71982587009163,4.490175402763704,2.0129525052721444,3.5471093764428026,91.91050703282583,0.5655851961680795,9.038509826104558,36.48488023952096,36.8,0.29940119760479045,-0.00568862275449078,48,28072,99.8293,5.92,0,0.0762
CAND_0058_SURR,58,surrogate_random_exploration,True,,54.95218799524939,117.0092254269948,60.768358945486256,3.269461387381112,4.282195640973912,3.429366765259836,90.16537807471056,0.32416254769507197,14.000473301375916,36.48218562874251,36.8,0.5988023952095809,-0.008383233532939016,49,28071,99.8257,7.12,0,0.0619
CAND_0059_SURR,59,surrogate_best_ei,True,,54.93555651460611,126.54602399660314,58.0551426102879,3.2954889616471625,2.6394047650459633,3.6340652865365515,96.18394398689458,0.2709075937377569,8.698129268527895,36.492065868263474,36.8,0.29940119760479045,0.0014970059880212716,48,28072,99.8293,38.435,0,0.1596
CAND_0060_SURR,60,surrogate_high_uncertainty,True,,55.031257255798465,112.48533603242615,65.78686381539617,8.922020929108648,3.5866262148414725,3.4125420276219423,106.96537053420249,0.3892113077938976,31.999954153705346,36.47125748502994,36.8,1.1976047904191618,-0.019311377245514905,80,28040,99.7155,27.674,0,0.1504
CAND_0061_SURR,61,surrogate_boundary,True,,54.934231376869995,110.00123591751469,61.95573237100566,3.3491947535571676,2.7324969937434473,4.477190214196909,113.50710458027183,0.6451585266976623,9.151664595556287,36.488473053892214,36.8,0.29940119760479045,-0.0020958083832383068,48,28072,99.8293,21.271,0,0.1304
CAND_0062_SURR,62,surrogate_pareto,True,,54.93013621502696,111.44593134939903,63.87420306343195,4.299241328319022,2.140120778844733,3.3860913765919936,93.3913179489085,0.4853480258180335,9.20089570000357,36.48413173652695,36.8,0.4491017964071856,-0.006437125748504968,48,28072,99.8293,18.393,0,0.0957
CAND_0063_SURR,63,surrogate_random_exploration,True,,54.92691638468616,122.1201750843049,65.78847542284285,3.4758733716605317,2.952787791946665,2.9851377422210454,95.8004224190758,0.6791987434970332,10.263516458191711,36.475598802395204,36.8,0.5988023952095809,-0.014970059880248243,48,28072,99.8293,16.39,0,0.1122
