grid_idx_x,grid_idx_y,local_x_m,local_y_m,in_site_boundary,in_ped_corridor,is_unbuilt,shadow_baseline,shadow_interv,diff_shadow,svf_baseline,svf_interv,diff_svf,sw_baseline_w_m2,sw_interv_w_m2,diff_sw_w_m2,lw_baseline_w_m2,lw_interv_w_m2,diff_lw_w_m2,tmrt_baseline_c,tmrt_interv_c,diff_tmrt_k,utci_baseline_c,utci_interv_c,diff_utci_k
106,70,128.0,61.0,True,True,True,1.0,1.0,0.0,0.6877403841086912,0.6813069988764585,-0.006433385232232691,229.9626470640295,230.16020680310123,0.1975597390717212,440.48330416434794,440.6816568653321,0.19835270098417368,45.99364043331917,46.03848443763121,0.04484400431203994,36.5,36.5,0.0
107,70,130.0,61.0,True,True,True,1.0,1.0,0.0,0.6874452889444652,0.6731986536897595,-0.014246635254705708,229.97170899978207,230.4092020834339,0.43749308365184447,440.4924024727437,440.93165155867587,0.43924908593214695,45.99569781209982,46.09497686512782,0.099279053027999,36.5,36.6,0.10000000000000142
108,70,132.0,61.0,True,True,True,1.0,1.0,0.0,0.6706710687328887,0.6327310573132282,-0.037940011419660524,230.48682047663365,231.65190207611454,1.1650815994808852,441.0095814952589,442.1793394794,1.1697579841411425,46.112580914145894,46.376475157266896,0.2638942431210012,36.6,36.6,0.0
109,70,134.0,61.0,True,True,True,1.0,1.0,0.0,0.6660950111323793,0.6373492276495701,-0.028745783482809206,230.62734443298007,231.51008489997758,0.8827404669975181,441.15066948426545,442.0369530798994,0.8862835956339268,46.14444469841237,46.344388108989506,0.19994341057713427,36.6,36.6,0.0
110,70,136.0,61.0,True,True,True,1.0,1.0,0.0,0.6446437620658763,0.6162367084435962,-0.02840705362228002,231.28608054396375,232.15841911826462,0.8723385743008691,441.8120496190205,442.68788957101816,0.8758399519976479,46.29368597903567,46.49099904866864,0.19731306963296902,36.6,36.7,0.10000000000000142
111,70,138.0,61.0,True,True,True,1.0,1.0,0.0,0.630774775224286,0.6203450349421259,-0.01042974028216015,231.71197660376845,232.03225849181797,0.3202818880495215,442.2396551331688,442.56122256320003,0.321567430031223,46.39006449132734,46.462485545903235,0.07242105457589787,36.6,36.7,0.10000000000000142
112,70,140.0,61.0,True,True,True,1.0,1.0,0.0,0.6116239086408196,0.6065346021551722,-0.005089306485647427,232.30007137326416,232.4563564432648,0.15628507000064928,442.8301103874238,442.9870227517738,0.1569123643499779,46.52300471602115,46.55830544929819,0.03530073327704031,36.7,36.7,0.0
113,70,142.0,61.0,True,True,True,1.0,1.0,0.0,0.5895739382486546,0.5867936891383343,-0.0027802491103202653,232.97719333005136,233.0625706654606,0.08537733540924819,443.5099501647768,443.5956701862792,0.08572002150242497,46.675864618134824,46.69512295075458,0.019258332619756402,36.7,36.7,0.0
114,70,144.0,61.0,True,True,True,1.0,1.0,0.0,0.5635681101562053,0.5617298748620877,-0.0018382352941176405,233.77579382214492,233.83224330743903,0.056449485294109536,444.31175606591,444.3684321271857,0.056676061275709344,46.85586700482395,46.86857907691365,0.012712072089698268,36.7,36.7,0.0
105,71,126.0,63.0,True,True,True,1.0,1.0,0.0,0.6672376851210242,0.6584595952333836,-0.008778089887640617,230.5922546059463,230.86181675482268,0.2695621488763891,441.11543881428213,441.3860829271159,0.27064411283379286,46.1364889794541,46.19759003100694,0.06110105155283918,36.6,36.6,0.0
106,71,128.0,63.0,True,True,True,1.0,1.0,0.0,0.6519129132978042,0.5978745467321368,-0.054038366565667406,231.06285566797504,232.7222939284242,1.65943826044915,441.5879287668304,443.25402765227716,1.666098885446786,46.24313625213199,46.618346947892746,0.3752106957607566,36.6,36.7,0.10000000000000142
107,71,130.0,63.0,True,True,True,1.0,1.0,0.0,0.6441491304758103,0.0,-0.6441491304758103,231.30126994803993,251.08213640423895,19.78086645619902,441.8272999900678,461.68756255080075,19.860262560732963,46.29712477856532,50.68413317757205,4.3870083990067315,36.6,37.7,1.1000000000000014
108,71,132.0,63.0,True,True,True,1.0,0.0,-1.0,0.6276977592032615,0.0,-0.6276977592032615,231.8064672117904,118.86467999999999,-112.9417872117904,442.3345250059823,461.68756255080075,19.35303754481845,46.41143550787615,37.93518347200069,-8.476252035875461,36.6,34.6,-2.0
109,71,134.0,63.0,True,True,True,1.0,0.0,-1.0,0.6107087336219178,0.0,-0.6107087336219178,232.3281750436356,118.86467999999999,-113.46349504363562,442.85832685982825,461.68756255080075,18.829235690972496,46.52935346676804,37.93518347200069,-8.594169994767356,36.7,34.6,-2.1000000000000014
110,71,136.0,63.0,True,True,True,1.0,0.0,-1.0,0.5954879908489399,0.5105314420961907,-0.08495654875274916,232.79558152749445,103.18701499976031,-129.60856652773413,443.32760941186314,445.9469708060748,2.619361394211637,46.63488736447556,34.018579181097266,-12.616308183378294,36.7,33.6,-3.1000000000000014
111,71,138.0,63.0,True,True,True,1.0,1.0,0.0,0.5727792492945418,0.5503095556751928,-0.02246969361934903,233.49293337169252,234.1829444075962,0.6900110359036944,444.02776027500414,444.7205408654395,0.6927805904353477,46.79214576928575,46.94752085753794,0.15537508825218538,36.7,36.8,0.09999999999999432
112,71,140.0,63.0,True,True,True,1.0,1.0,0.0,0.5390203207866285,0.5312353515264477,-0.007784969260180796,234.52962010295636,234.76868498718198,0.23906488422562688,445.0686080417952,445.30863248057733,0.24002443878214308,47.02549916986226,47.079239239300364,0.053740069438106275,36.8,36.8,0.0
113,71,142.0,63.0,True,True,True,1.0,1.0,0.0,0.5084166857669458,0.5042221135901515,-0.004194572176794309,235.46941244103095,235.59822154461352,0.1288091035825687,446.01217250233367,446.1414986177001,0.1293261153664389,47.236602060709004,47.26550358940608,0.02890152869707663,36.8,36.8,0.0
114,71,144.0,63.0,True,False,True,1.0,1.0,0.0,0.5027834819786275,0.5003870612603893,-0.0023964207182382014,235.64239979222862,235.71599032578303,0.07359053355440892,446.18585418721227,446.2597400971956,0.07388590998334621,47.27541427803237,47.29192110467403,0.0165068266416597,36.8,36.9,0.10000000000000142
102,72,120.0,65.0,True,True,True,1.0,1.0,0.0,0.6569806458597731,0.6551424105656554,-0.0018382352941177516,230.9072331012412,230.9636825865353,0.056449485294109536,441.4316815648914,441.48835762616716,0.05667606127576619,46.207881001502585,46.22067060394102,0.012789602438431302,36.6,36.6,0.0
103,72,122.0,65.0,True,True,True,1.0,1.0,0.0,0.6386468839733197,0.636066295508988,-0.0025805884643317345,231.4702357948066,231.54948184727527,0.079246052468676,441.9969440290694,442.0765081579924,0.07956412892298204,46.335370252507744,46.35330289151199,0.017932639004243356,36.6,36.6,0.0
104,72,124.0,65.0,True,True,True,1.0,1.0,0.0,0.6334095657400272,0.6243753845343669,-0.009034181205660241,231.63106608652,231.90849242075765,0.27742633423764573,442.15841985866575,442.43695972199384,0.278539863328092,46.371761486367745,46.43450581808662,0.06274433171887495,36.6,36.6,0.0
105,72,126.0,65.0,True,True,True,1.0,1.0,0.0,0.6179213770888786,0.5955295220770508,-0.022391855011827833,232.10668543747758,232.7943061649454,0.6876207274678166,442.6359482424652,443.32632893028557,0.6903806878203795,46.47930766723914,46.634599547437006,0.15529188019786488,36.7,36.7,0.0
106,72,128.0,65.0,True,True,True,1.0,1.0,0.0,0.5990271472059143,0.4901526880369618,-0.1088744591689525,232.68689927372316,236.03027278060216,3.3433735068790043,443.21849093111456,446.57528401357365,3.3567930824590917,46.610357742226824,47.362387971968815,0.7520302297419903,36.7,36.9,0.19999999999999574
107,72,130.0,65.0,True,True,True,1.0,1.0,0.0,0.5699506098024826,0.0,-0.5699506098024826,233.5797967041072,251.08213640423895,17.502339700131756,444.1149722579815,461.68756255080075,17.572590292819257,46.81171791034154,50.68413317757205,3.872415267230508,36.7,37.7,1.0
108,72,132.0,65.0,True,True,True,1.0,0.0,-1.0,0.5499287519973908,0.0,-0.5499287519973908,234.19463832495202,118.86467999999999,-115.32995832495203,444.73228171964155,461.68756255080075,16.9552808311592,46.95015211772568,37.93518347200069,-9.014968645724991,36.8,34.6,-2.1999999999999957
109,72,134.0,65.0,True,True,True,1.0,0.0,-1.0,0.5239558192836866,0.0,-0.5239558192836866,234.99222864864947,118.86467999999999,-116.12754864864948,445.53307339778195,461.68756255080075,16.1544891530188,47.1294657832716,37.93518347200069,-9.19428231127091,36.8,34.6,-2.1999999999999957
110,72,136.0,65.0,True,False,True,1.0,0.0,-1.0,0.48869592926164357,0.3726390911524062,-0.11605683810923739,236.0750076865892,107.42148501656449,-128.6535226700247,446.6201984757636,450.19843706643803,3.5782385906744594,47.37241443488068,35.091210784516704,-12.281203650363977,36.9,33.9,-3.0
111,72,138.0,65.0,True,False,True,1.0,1.0,0.0,0.48395890255989427,0.45058793419606175,-0.03337096836383252,236.2204747658004,237.2452478152205,1.024773049420105,446.76624942825725,447.79513569427155,1.0288862660142968,47.405011560963544,47.634367487639565,0.22935592667602123,36.9,36.9,0.0
112,72,140.0,65.0,True,False,True,1.0,1.0,0.0,0.42157694898115355,0.41343314477771625,-0.0081438042034373,238.13613223491222,238.38621640916955,0.2500841742573243,448.68959593065813,448.9406838885104,0.25108795785229177,47.83335863264614,47.889151860537424,0.055793227891285824,37.0,37.0,0.0
102,73,120.0,67.0,True,True,True,1.0,1.0,0.0,0.5939260576178197,0.592087822323702,-0.0018382352941176405,232.84354618536096,232.8999956706551,0.05644948529413796,443.37576658945557,443.4324426507314,0.05667606127582303,46.64571120925524,46.65844835727921,0.012737148023973077,36.7,36.7,0.0
103,73,122.0,67.0,True,True,True,1.0,1.0,0.0,0.568225447299269,0.5654451981889487,-0.0027802491103203764,233.6327738913404,233.71815122674965,0.08537733540924819,444.16816208414554,444.2538821056481,0.08572002150253866,46.823653025061446,46.84288468827998,0.019231663218533868,36.7,36.7,0.0
104,73,124.0,67.0,True,True,True,1.0,1.0,0.0,0.5499887236124923,0.5444111499034583,-0.0055775737090340005,234.19279668541026,234.3640757192056,0.1712790337953436,444.7304326881583,444.90239919881935,0.1719665106610364,46.949737732851986,46.98827011806003,0.03853238520804325,36.8,36.8,0.0
105,73,126.0,67.0,True,False,True,1.0,1.0,0.0,0.5237700121497331,0.502116533607983,-0.021653478541750038,234.99793451073865,235.66288078960753,0.6649462788688822,445.5388021619631,446.20641739086926,0.6676152289061861,47.13074748638229,47.28000855273615,0.1492610663538585,36.8,36.9,0.10000000000000142
106,73,128.0,67.0,True,False,True,1.0,1.0,0.0,0.49962083935697343,0.4248937201692672,-0.07472711918770625,235.73951986642857,238.0342791005466,2.2947592341180325,446.2833640803102,448.5873339799184,2.303969899608205,47.297198392739915,47.81062708303023,0.5134286902903114,36.9,37.0,0.10000000000000142
107,73,130.0,67.0,True,False,True,1.0,1.0,0.0,0.48014630605587194,0.3441915694304835,-0.13595473662538843,236.3375539617961,240.51252271055154,4.174968748755447,446.8837985547337,451.0755247218731,4.191726167139393,47.43124014086999,48.36235519821179,0.931115057341799,36.9,37.1,0.20000000000000284
108,73,132.0,67.0,True,False,True,1.0,1.0,0.0,0.41770427271257643,0.2428867568802702,-0.17481751583230623,238.25505639155935,243.62344357284604,5.368387181286693,448.8089974230577,454.198932145286,5.389934722228304,47.85989397754065,49.05093943790774,1.1910454603670928,37.0,37.3,0.29999999999999716
102,74,120.0,69.0,True,False,True,1.0,1.0,0.0,0.4943883409142148,0.49255010562009716,-0.0018382352941176405,235.90020214950798,235.95665163480209,0.056449485294109536,446.4446913071979,446.50136736847367,0.05667606127576619,47.3332298120655,47.345885168950815,0.01265535688531827,36.9,36.9,0.0
103,74,122.0,69.0,True,False,True,1.0,1.0,0.0,0.4758007157910178,0.4729262446685838,-0.002874471122433997,236.4710006073562,236.55927136130884,0.08827075395265638,447.0177808261646,447.10640587976457,0.0886250535999693,47.46112757803115,47.480892584591686,0.01976500656053304,36.9,36.9,0.0
