domain,field,mean_diff,median_diff,min_diff,max_diff,std_diff,p10_diff,p90_diff,changed_cells_count,changed_cells_fraction
all_grid_cells,shadow_mask,-0.00021337126600284495,0.0,-1.0,0.0,0.01460567488018576,0.0,0.0,6,0.00021337126600284495
all_grid_cells,svf,-0.00016381399102843495,0.0,-0.6441491304758103,0.0,0.008803764897673658,0.0,0.0,104,0.003698435277382646
all_grid_cells,direct_sw,-0.13166610251983762,0.0,-617.0751338096389,0.0,9.01279878107071,0.0,0.0,6,0.00021337126600284495
all_grid_cells,total_sw,-0.02318092084087193,0.0,-129.60856652773413,19.78086645619902,1.7540905392795807,0.0,0.0,72,0.0025604551920341396
all_grid_cells,total_lw,0.0050506764955859105,0.0,0.0,19.860262560732963,0.2714357190261384,0.0,0.0,72,0.0025604551920341396
all_grid_cells,total_absorbed_radiation,-0.018130244345286012,0.0,-126.98920513352243,39.64112901693204,1.6027676978953396,0.0,0.0,90,0.003200568990042674
all_grid_cells,tmrt,-0.001631034103081072,0.0,-12.616308183378294,4.3870083990067315,0.15311395572311445,0.0,0.0,39,0.0013869132290184921
all_grid_cells,utci,-0.0003876244665718349,0.0,-3.1000000000000014,1.1000000000000014,0.0373203496164602,0.0,0.0,20,0.0007112375533428165
main_analysis_cells,shadow_mask,-0.0008304498269896194,0.0,-1.0,0.0,0.028805558145511986,0.0,0.0,6,0.0008304498269896194
main_analysis_cells,svf,-0.0006374709133373209,0.0,-0.6441491304758103,0.0,0.017359600164914085,0.0,0.0,104,0.01439446366782007
main_analysis_cells,direct_sw,-0.5124499381118109,0.0,-617.0751338096389,0.0,17.77519364710314,0.0,0.0,6,0.0008304498269896194
main_analysis_cells,total_sw,-0.09022417550427043,0.0,-129.60856652773413,19.78086645619902,3.4596409078851376,0.0,0.0,72,0.009965397923875432
main_analysis_cells,total_lw,0.01965436125693085,0.0,0.0,19.860262560732963,0.5352273268922529,0.0,0.0,72,0.009965397923875432
main_analysis_cells,total_absorbed_radiation,-0.07056981424733962,0.0,-126.98920513352243,39.64112901693204,3.161396167250673,0.0,0.0,90,0.01245674740484429
main_analysis_cells,tmrt,-0.006348753492895088,0.0,-12.616308183378294,4.3870083990067315,0.3020175738476789,0.0,0.0,39,0.005397923875432526
main_analysis_cells,utci,-0.0015086505190311417,0.0,-3.1000000000000014,1.1000000000000014,0.07361506137203619,0.0,0.0,20,0.002768166089965398
unbuilt_pedestrian_cells,shadow_mask,-0.001563721657544957,0.0,-1.0,0.0,0.03951299067550673,0.0,0.0,6,0.001563721657544957
unbuilt_pedestrian_cells,svf,-0.0012003459340271415,0.0,-0.6441491304758103,0.0,0.023806965277795335,0.0,0.0,104,0.027104508730779256
unbuilt_pedestrian_cells,direct_sw,-0.9649337510705848,0.0,-617.0751338096389,0.0,24.382484008307333,0.0,0.0,6,0.001563721657544957
unbuilt_pedestrian_cells,total_sw,-0.16989045296282354,0.0,-129.60856652773413,19.78086645619902,4.745954901422087,0.0,0.0,72,0.018764659890539485
unbuilt_pedestrian_cells,total_lw,0.0370087985617215,0.0,0.0,19.860262560732963,0.7340110524437387,0.0,0.0,72,0.018764659890539485
unbuilt_pedestrian_cells,total_absorbed_radiation,-0.13288165440110208,0.0,-126.98920513352243,39.64112901693204,4.337169423135157,0.0,0.0,90,0.023455824863174355
unbuilt_pedestrian_cells,tmrt,-0.011954585349535316,0.0,-12.616308183378294,4.3870083990067315,0.41435300969902605,0.0,0.0,39,0.010164190774042221
unbuilt_pedestrian_cells,utci,-0.0028407610112066717,0.0,-3.1000000000000014,1.1000000000000014,0.10099715985057794,0.0,0.0,20,0.005212405525149857
church_street_corridor_cells,shadow_mask,-0.0074850299401197605,0.0,-1.0,0.0,0.0861916716795496,0.0,0.0,5,0.0074850299401197605
church_street_corridor_cells,svf,-0.006028131953581962,0.0,-0.6441491304758103,0.0,0.0558841007342519,-0.0001895777723852965,0.0,84,0.12574850299401197
church_street_corridor_cells,direct_sw,-4.618825851868555,0.0,-617.0751338096389,0.0,53.18673733493453,0.0,0.0,5,0.0074850299401197605
church_street_corridor_cells,total_sw,-0.8045366091329971,0.0,-129.60856652773413,19.78086645619902,10.199981427187042,0.0,0.0046056884718836955,55,0.08233532934131736
church_street_corridor_cells,total_lw,0.1858580221329319,0.0,0.0,19.860262560732963,1.723006150350415,0.0,0.005845019665605378,55,0.08233532934131736
church_street_corridor_cells,total_absorbed_radiation,-0.6186785870000651,0.0,-126.98920513352243,39.64112901693204,9.166863585724363,0.0,0.009229863177699827,71,0.1062874251497006
church_street_corridor_cells,tmrt,-0.05502449805396064,0.0,-12.616308183378294,4.3870083990067315,0.8684748407274001,0.0,0.001042249335137058,29,0.04341317365269461
church_street_corridor_cells,utci,-0.013023952095808387,0.0,-3.1000000000000014,1.1000000000000014,0.21155501972868632,0.0,0.0,14,0.020958083832335328
