candidate_id,x_m,y_m,length_m,width_m,height_m,area_m2,azimuth_deg,tilt_deg,is_feasible,rejection_reason,rejection_message
CAND_FEAS_0001,120.0,60.0,6.0,4.0,3.5,24.0,90.0,0.0,True,VALID,"Candidate design satisfies all geographic, spatial setback, and urban clearance constraints."
CAND_FEAS_0002,137.534,57.108,3.34,2.64,3.43,8.818,110.74,0.0,True,VALID,"Candidate design satisfies all geographic, spatial setback, and urban clearance constraints."
CAND_FEAS_0003,122.12,65.788,3.48,2.95,2.99,10.266,95.8,0.0,True,VALID,"Candidate design satisfies all geographic, spatial setback, and urban clearance constraints."
CAND_FEAS_0010,111.044,65.182,9.921,2.46,3.779,24.403,114.43,0.0,True,VALID,"Candidate design satisfies all geographic, spatial setback, and urban clearance constraints."
CAND_FEAS_0011,127.499,58.804,8.873,3.879,4.346,34.42,108.73,0.0,True,VALID,"Candidate design satisfies all geographic, spatial setback, and urban clearance constraints."
CAND_FEAS_0013,139.555,55.592,3.571,3.301,4.009,11.788,111.63,0.0,True,VALID,"Candidate design satisfies all geographic, spatial setback, and urban clearance constraints."
CAND_FEAS_0014,119.438,58.575,10.023,3.972,3.919,39.805,96.25,0.0,True,VALID,"Candidate design satisfies all geographic, spatial setback, and urban clearance constraints."
CAND_FEAS_0015,141.509,57.16,3.856,2.34,4.206,9.025,104.95,0.0,True,VALID,"Candidate design satisfies all geographic, spatial setback, and urban clearance constraints."
CAND_FEAS_0016,136.659,60.039,5.281,3.696,4.034,19.519,100.78,0.0,True,VALID,"Candidate design satisfies all geographic, spatial setback, and urban clearance constraints."
CAND_FEAS_0018,110.173,62.799,5.819,3.641,4.342,21.185,96.98,0.0,True,VALID,"Candidate design satisfies all geographic, spatial setback, and urban clearance constraints."
CAND_FEAS_0020,136.063,61.874,6.078,3.589,3.936,21.814,94.22,0.0,True,VALID,"Candidate design satisfies all geographic, spatial setback, and urban clearance constraints."
CAND_FEAS_0023,117.667,61.382,5.642,2.84,3.827,16.024,98.8,0.0,True,VALID,"Candidate design satisfies all geographic, spatial setback, and urban clearance constraints."
CAND_FEAS_0024,131.143,57.964,11.368,3.331,2.818,37.872,90.54,0.0,True,VALID,"Candidate design satisfies all geographic, spatial setback, and urban clearance constraints."
CAND_FEAS_0025,144.613,58.981,6.717,3.261,2.985,21.906,110.09,0.0,True,VALID,"Candidate design satisfies all geographic, spatial setback, and urban clearance constraints."
CAND_FEAS_0030,153.111,56.952,7.859,2.047,3.127,16.085,100.83,0.0,True,VALID,"Candidate design satisfies all geographic, spatial setback, and urban clearance constraints."
CAND_FEAS_0031,130.966,55.374,4.841,3.09,3.2,14.96,108.4,0.0,True,VALID,"Candidate design satisfies all geographic, spatial setback, and urban clearance constraints."
CAND_FEAS_0032,117.012,63.185,6.332,3.712,3.881,23.503,108.29,0.0,True,VALID,"Candidate design satisfies all geographic, spatial setback, and urban clearance constraints."
CAND_FEAS_0040,120.463,62.688,5.589,4.292,3.638,23.986,98.37,0.0,True,VALID,"Candidate design satisfies all geographic, spatial setback, and urban clearance constraints."
CAND_FEAS_0043,132.24,61.151,7.788,3.165,2.901,24.646,113.53,0.0,True,VALID,"Candidate design satisfies all geographic, spatial setback, and urban clearance constraints."
CAND_FEAS_0046,147.071,56.185,6.83,4.033,2.978,27.544,90.24,0.0,True,VALID,"Candidate design satisfies all geographic, spatial setback, and urban clearance constraints."
CAND_FEAS_0047,129.034,61.563,9.138,3.856,3.397,35.239,93.08,0.0,True,VALID,"Candidate design satisfies all geographic, spatial setback, and urban clearance constraints."
CAND_FEAS_0049,129.287,55.947,7.221,2.707,3.709,19.55,112.89,0.0,True,VALID,"Candidate design satisfies all geographic, spatial setback, and urban clearance constraints."
CAND_FEAS_0050,145.86,55.042,11.275,2.532,3.705,28.543,113.05,0.0,True,VALID,"Candidate design satisfies all geographic, spatial setback, and urban clearance constraints."
CAND_FEAS_0054,119.906,59.58,6.976,3.273,3.089,22.833,95.5,0.0,True,VALID,"Candidate design satisfies all geographic, spatial setback, and urban clearance constraints."
CAND_FEAS_0058,113.804,62.339,6.912,4.134,2.945,28.576,99.72,0.0,True,VALID,"Candidate design satisfies all geographic, spatial setback, and urban clearance constraints."
CAND_FEAS_0059,120.914,58.192,8.97,3.365,3.876,30.184,94.17,0.0,True,VALID,"Candidate design satisfies all geographic, spatial setback, and urban clearance constraints."
CAND_FEAS_0062,145.597,60.487,7.647,3.044,4.431,23.277,98.56,0.0,True,VALID,"Candidate design satisfies all geographic, spatial setback, and urban clearance constraints."
CAND_FEAS_0063,116.593,60.554,11.1,3.196,3.951,35.469,99.32,0.0,True,VALID,"Candidate design satisfies all geographic, spatial setback, and urban clearance constraints."
CAND_FEAS_0066,151.259,56.01,8.152,2.379,4.067,19.395,114.89,0.0,True,VALID,"Candidate design satisfies all geographic, spatial setback, and urban clearance constraints."
CAND_FEAS_0071,125.932,60.374,8.716,2.19,4.102,19.086,110.58,0.0,True,VALID,"Candidate design satisfies all geographic, spatial setback, and urban clearance constraints."
CAND_FEAS_0076,135.6,59.503,6.674,3.507,3.978,23.406,94.53,0.0,True,VALID,"Candidate design satisfies all geographic, spatial setback, and urban clearance constraints."
CAND_FEAS_0077,137.124,61.063,10.692,2.488,4.06,26.603,91.0,0.0,True,VALID,"Candidate design satisfies all geographic, spatial setback, and urban clearance constraints."
CAND_FEAS_0079,148.04,57.444,8.099,2.997,3.76,24.271,107.69,0.0,True,VALID,"Candidate design satisfies all geographic, spatial setback, and urban clearance constraints."
CAND_FEAS_0081,126.435,58.413,11.959,2.673,4.379,31.97,114.77,0.0,True,VALID,"Candidate design satisfies all geographic, spatial setback, and urban clearance constraints."
CAND_FEAS_0082,144.461,59.196,9.179,2.568,4.451,23.569,91.9,0.0,True,VALID,"Candidate design satisfies all geographic, spatial setback, and urban clearance constraints."
CAND_FEAS_0083,122.053,56.583,5.331,2.072,3.672,11.048,100.24,0.0,True,VALID,"Candidate design satisfies all geographic, spatial setback, and urban clearance constraints."
CAND_FEAS_0084,133.083,57.063,9.882,2.889,3.458,28.55,110.74,0.0,True,VALID,"Candidate design satisfies all geographic, spatial setback, and urban clearance constraints."
CAND_FEAS_0090,115.913,65.836,3.003,2.411,3.284,7.24,110.84,0.0,True,VALID,"Candidate design satisfies all geographic, spatial setback, and urban clearance constraints."
CAND_FEAS_0092,132.844,57.824,9.547,4.355,2.959,41.578,96.42,0.0,True,VALID,"Candidate design satisfies all geographic, spatial setback, and urban clearance constraints."
CAND_FEAS_0093,113.461,59.834,8.287,3.836,3.526,31.79,101.08,0.0,True,VALID,"Candidate design satisfies all geographic, spatial setback, and urban clearance constraints."
CAND_FEAS_0097,116.311,59.309,6.168,2.751,3.244,16.967,112.61,0.0,True,VALID,"Candidate design satisfies all geographic, spatial setback, and urban clearance constraints."
CAND_FEAS_0098,126.803,63.61,9.438,3.023,3.503,28.533,106.21,0.0,True,VALID,"Candidate design satisfies all geographic, spatial setback, and urban clearance constraints."
CAND_FEAS_0103,131.846,62.405,5.104,3.809,3.976,19.444,103.28,0.0,True,VALID,"Candidate design satisfies all geographic, spatial setback, and urban clearance constraints."
CAND_FEAS_0104,138.101,57.318,7.377,4.188,3.067,30.894,114.27,0.0,True,VALID,"Candidate design satisfies all geographic, spatial setback, and urban clearance constraints."
CAND_FEAS_0109,112.584,64.412,11.233,2.872,4.491,32.26,94.84,0.0,True,VALID,"Candidate design satisfies all geographic, spatial setback, and urban clearance constraints."
CAND_FEAS_0113,125.57,59.808,4.394,2.367,3.63,10.4,105.25,0.0,True,VALID,"Candidate design satisfies all geographic, spatial setback, and urban clearance constraints."
CAND_FEAS_0114,118.368,61.769,6.589,3.75,4.312,24.706,92.33,0.0,True,VALID,"Candidate design satisfies all geographic, spatial setback, and urban clearance constraints."
CAND_FEAS_0116,123.373,65.253,7.162,2.434,3.596,17.43,104.25,0.0,True,VALID,"Candidate design satisfies all geographic, spatial setback, and urban clearance constraints."
CAND_FEAS_0118,127.66,57.652,9.008,4.433,3.685,39.935,95.65,0.0,True,VALID,"Candidate design satisfies all geographic, spatial setback, and urban clearance constraints."
CAND_FEAS_0119,114.78,66.751,10.08,4.221,2.894,42.546,107.84,0.0,True,VALID,"Candidate design satisfies all geographic, spatial setback, and urban clearance constraints."
CAND_FEAS_0120,129.973,57.992,6.069,2.505,4.231,15.199,92.59,0.0,True,VALID,"Candidate design satisfies all geographic, spatial setback, and urban clearance constraints."
CAND_FEAS_0121,150.476,58.945,3.722,4.009,3.381,14.921,91.75,0.0,True,VALID,"Candidate design satisfies all geographic, spatial setback, and urban clearance constraints."
CAND_FEAS_0122,115.34,63.874,8.563,4.34,4.15,37.164,97.27,0.0,True,VALID,"Candidate design satisfies all geographic, spatial setback, and urban clearance constraints."
CAND_FEAS_0126,146.442,56.277,7.495,3.542,3.723,26.546,109.63,0.0,True,VALID,"Candidate design satisfies all geographic, spatial setback, and urban clearance constraints."
CAND_FEAS_0129,113.074,61.275,10.245,3.244,3.521,33.234,98.07,0.0,True,VALID,"Candidate design satisfies all geographic, spatial setback, and urban clearance constraints."
