image_filename,image_source,image_date,image_license,tree_review_id,match_status,match_confidence,visible_tree_parts,crown_visible,trunk_visible,ground_or_scale_visible,camera_calibration_available,supports_dimensional_estimation,reviewer_notes
kartaview_814424950_2020-06-15_provider_processed.jpg,KartaView,2020-06-15,CC BY-SA 4.0,NONE_IN_VICINITY,NO_MATCH,HIGH,NONE,False,False,False,False,False,"Photo captured at Local (284.1m, 34.3m) in eastern commercial corridor without BBMP census trees."
kartaview_814424946_2020-06-15_provider_processed.jpg,KartaView,2020-06-15,CC BY-SA 4.0,NONE_IN_VICINITY,NO_MATCH,HIGH,NONE,False,False,False,False,False,"Photo captured at Local (270.5m, 37.9m) in eastern commercial corridor without BBMP census trees."
kartaview_814424974_2020-06-15_provider_processed.jpg,KartaView,2020-06-15,CC BY-SA 4.0,NONE_IN_VICINITY,NO_MATCH,HIGH,NONE,False,False,False,False,False,"Photo captured at Local (256.8m, 41.3m) in eastern commercial corridor without BBMP census trees."
kartaview_814424978_2020-06-15_provider_processed.jpg,KartaView,2020-06-15,CC BY-SA 4.0,NONE_IN_VICINITY,NO_MATCH,HIGH,NONE,False,False,False,False,False,"Photo captured at Local (242.6m, 44.9m) in eastern commercial corridor without BBMP census trees."
kartaview_814424982_2020-06-15_provider_processed.jpg,KartaView,2020-06-15,CC BY-SA 4.0,NONE_IN_VICINITY,NO_MATCH,HIGH,NONE,False,False,False,False,False,"Photo captured at Local (229.1m, 48.2m) in eastern commercial corridor without BBMP census trees."
kartaview_814424994_2020-06-15_provider_processed.jpg,KartaView,2020-06-15,CC BY-SA 4.0,NONE_IN_VICINITY,NO_MATCH,HIGH,NONE,False,False,False,False,False,"Photo captured at Local (215.5m, 51.7m) in eastern commercial corridor without BBMP census trees."
kartaview_814424998_2020-06-15_provider_processed.jpg,KartaView,2020-06-15,CC BY-SA 4.0,NONE_IN_VICINITY,NO_MATCH,HIGH,NONE,False,False,False,False,False,"Photo captured at Local (203.8m, 54.7m) in eastern commercial corridor without BBMP census trees."
kartaview_814425010_2020-06-15_provider_processed.jpg,KartaView,2020-06-15,CC BY-SA 4.0,NONE_IN_VICINITY,NO_MATCH,HIGH,NONE,False,False,False,False,False,"Photo captured at Local (191.6m, 57.1m) in eastern commercial corridor without BBMP census trees."
kartaview_814425034_2020-06-15_provider_processed.jpg,KartaView,2020-06-15,CC BY-SA 4.0,NONE_IN_VICINITY,NO_MATCH,HIGH,NONE,False,False,False,False,False,"Photo captured at Local (179.0m, 59.3m) in eastern commercial corridor without BBMP census trees."
kartaview_814425038_2020-06-15_provider_processed.jpg,KartaView,2020-06-15,CC BY-SA 4.0,NONE_IN_VICINITY,NO_MATCH,HIGH,NONE,False,False,False,False,False,"Photo captured at Local (165.1m, 62.4m) in eastern commercial corridor without BBMP census trees."
kartaview_814425046_2020-06-15_provider_processed.jpg,KartaView,2020-06-15,CC BY-SA 4.0,NONE_IN_VICINITY,NO_MATCH,HIGH,NONE,False,False,False,False,False,"Photo captured at Local (151.3m, 65.6m) in eastern commercial corridor without BBMP census trees."
kartaview_814425074_2020-06-15_provider_processed.jpg,KartaView,2020-06-15,CC BY-SA 4.0,T13,MATCH_POSSIBLE,LOW,DISTANT_CANOPY,True,False,False,False,False,Distant corridor vista (dist 41.1m). Upper canopy visible above street level traffic.
kartaview_814425078_2020-06-15_provider_processed.jpg,KartaView,2020-06-15,CC BY-SA 4.0,T13,MATCH_PROBABLE,MEDIUM,CROWN_AND_UPPER_TRUNK,True,True,True,False,True,Approaching perspective view looking west down Church Street (dist 27.9m). Canopy silhouette clearly discernible.
kartaview_814425090_2020-06-15_provider_processed.jpg,KartaView,2020-06-15,CC BY-SA 4.0,T13,MATCH_PROBABLE,MEDIUM,CROWN_AND_UPPER_TRUNK,True,True,True,False,True,Approaching perspective view looking west down Church Street (dist 16.2m). Canopy silhouette clearly discernible.
kartaview_814425266_2020-06-15_provider_processed.jpg,KartaView,2020-06-15,CC BY-SA 4.0,T12,MATCH_PROBABLE,MEDIUM,CROWN_AND_UPPER_TRUNK,True,True,True,False,True,Approaching perspective view looking west down Church Street (dist 18.4m). Canopy silhouette clearly discernible.
kartaview_814425266_2020-06-15_provider_processed.jpg,KartaView,2020-06-15,CC BY-SA 4.0,T13,MATCH_CONFIRMED,HIGH,CROWN_AND_TRUNK,True,True,True,False,True,"Immediate roadside passage (dist 12.2m). Forward/lateral view captures trunk, tree grate, and lower crown."
kartaview_814425338_2020-06-15_provider_processed.jpg,KartaView,2020-06-15,CC BY-SA 4.0,T11,MATCH_PROBABLE,MEDIUM,CROWN_AND_UPPER_TRUNK,True,True,True,False,True,Approaching perspective view looking west down Church Street (dist 23.0m). Canopy silhouette clearly discernible.
kartaview_814425338_2020-06-15_provider_processed.jpg,KartaView,2020-06-15,CC BY-SA 4.0,T12,MATCH_CONFIRMED,HIGH,CROWN_AND_TRUNK,True,True,True,False,True,"Immediate roadside passage (dist 7.5m). Forward/lateral view captures trunk, tree grate, and lower crown."
kartaview_814425110_2020-06-15_provider_processed.jpg,KartaView,2020-06-15,CC BY-SA 4.0,T09,MATCH_PROBABLE,MEDIUM,CROWN_AND_UPPER_TRUNK,True,True,True,False,True,Approaching perspective view looking west down Church Street (dist 25.0m). Canopy silhouette clearly discernible.
kartaview_814425110_2020-06-15_provider_processed.jpg,KartaView,2020-06-15,CC BY-SA 4.0,T11,MATCH_CONFIRMED,HIGH,CROWN_AND_TRUNK,True,True,True,False,True,"Immediate roadside passage (dist 11.6m). Forward/lateral view captures trunk, tree grate, and lower crown."
kartaview_814425110_2020-06-15_provider_processed.jpg,KartaView,2020-06-15,CC BY-SA 4.0,T12,MATCH_CONFIRMED,HIGH,CROWN_AND_TRUNK,True,True,True,False,True,"Immediate roadside passage (dist 11.7m). Forward/lateral view captures trunk, tree grate, and lower crown."
kartaview_814425114_2020-06-15_provider_processed.jpg,KartaView,2020-06-15,CC BY-SA 4.0,T08,MATCH_POSSIBLE,LOW,DISTANT_CANOPY,True,False,False,False,False,Distant corridor vista (dist 37.5m). Upper canopy visible above street level traffic.
kartaview_814425114_2020-06-15_provider_processed.jpg,KartaView,2020-06-15,CC BY-SA 4.0,T09,MATCH_CONFIRMED,HIGH,CROWN_AND_TRUNK,True,True,True,False,True,"Immediate roadside passage (dist 12.7m). Forward/lateral view captures trunk, tree grate, and lower crown."
kartaview_814425114_2020-06-15_provider_processed.jpg,KartaView,2020-06-15,CC BY-SA 4.0,T10,MATCH_PROBABLE,MEDIUM,CROWN_AND_UPPER_TRUNK,True,True,True,False,True,Approaching perspective view looking west down Church Street (dist 25.5m). Canopy silhouette clearly discernible.
kartaview_814425114_2020-06-15_provider_processed.jpg,KartaView,2020-06-15,CC BY-SA 4.0,T11,MATCH_CONFIRMED,HIGH,CROWN_AND_TRUNK,True,True,True,False,True,"Immediate roadside passage (dist 11.1m). Forward/lateral view captures trunk, tree grate, and lower crown."
kartaview_814425130_2020-06-15_provider_processed.jpg,KartaView,2020-06-15,CC BY-SA 4.0,T08,MATCH_PROBABLE,MEDIUM,CROWN_AND_UPPER_TRUNK,True,True,True,False,True,Approaching perspective view looking west down Church Street (dist 25.3m). Canopy silhouette clearly discernible.
kartaview_814425130_2020-06-15_provider_processed.jpg,KartaView,2020-06-15,CC BY-SA 4.0,T09,MATCH_CONFIRMED,HIGH,CROWN_AND_TRUNK,True,True,True,False,True,"Immediate roadside passage (dist 5.6m). Forward/lateral view captures trunk, tree grate, and lower crown."
kartaview_814425130_2020-06-15_provider_processed.jpg,KartaView,2020-06-15,CC BY-SA 4.0,T10,MATCH_PROBABLE,MEDIUM,CROWN_AND_UPPER_TRUNK,True,True,True,False,True,Approaching perspective view looking west down Church Street (dist 15.8m). Canopy silhouette clearly discernible.
kartaview_814425138_2020-06-15_provider_processed.jpg,KartaView,2020-06-15,CC BY-SA 4.0,T06,MATCH_POSSIBLE,LOW,DISTANT_CANOPY,True,False,False,False,False,Distant corridor vista (dist 35.6m). Upper canopy visible above street level traffic.
kartaview_814425138_2020-06-15_provider_processed.jpg,KartaView,2020-06-15,CC BY-SA 4.0,T07,MATCH_POSSIBLE,LOW,DISTANT_CANOPY,True,False,False,False,False,Distant corridor vista (dist 39.7m). Upper canopy visible above street level traffic.
kartaview_814425138_2020-06-15_provider_processed.jpg,KartaView,2020-06-15,CC BY-SA 4.0,T08,MATCH_CONFIRMED,HIGH,CROWN_AND_TRUNK,True,True,True,False,True,"Immediate roadside passage (dist 14.4m). Forward/lateral view captures trunk, tree grate, and lower crown."
kartaview_814425138_2020-06-15_provider_processed.jpg,KartaView,2020-06-15,CC BY-SA 4.0,T10,MATCH_CONFIRMED,HIGH,CROWN_AND_TRUNK,True,True,True,False,True,"Immediate roadside passage (dist 14.5m). Forward/lateral view captures trunk, tree grate, and lower crown."
kartaview_814425142_2020-06-15_provider_processed.jpg,KartaView,2020-06-15,CC BY-SA 4.0,T05,MATCH_PROBABLE,MEDIUM,CROWN_AND_UPPER_TRUNK,True,True,True,False,True,Approaching perspective view looking west down Church Street (dist 26.6m). Canopy silhouette clearly discernible.
kartaview_814425142_2020-06-15_provider_processed.jpg,KartaView,2020-06-15,CC BY-SA 4.0,T06,MATCH_PROBABLE,MEDIUM,CROWN_AND_UPPER_TRUNK,True,True,True,False,True,Approaching perspective view looking west down Church Street (dist 25.0m). Canopy silhouette clearly discernible.
kartaview_814425142_2020-06-15_provider_processed.jpg,KartaView,2020-06-15,CC BY-SA 4.0,T07,MATCH_PROBABLE,MEDIUM,CROWN_AND_UPPER_TRUNK,True,True,True,False,True,Approaching perspective view looking west down Church Street (dist 27.2m). Canopy silhouette clearly discernible.
kartaview_814425142_2020-06-15_provider_processed.jpg,KartaView,2020-06-15,CC BY-SA 4.0,T08,MATCH_CONFIRMED,HIGH,CROWN_AND_TRUNK,True,True,True,False,True,"Immediate roadside passage (dist 13.2m). Forward/lateral view captures trunk, tree grate, and lower crown."
kartaview_814425166_2020-06-15_provider_processed.jpg,KartaView,2020-06-15,CC BY-SA 4.0,T05,MATCH_PROBABLE,MEDIUM,CROWN_AND_UPPER_TRUNK,True,True,True,False,True,Approaching perspective view looking west down Church Street (dist 19.0m). Canopy silhouette clearly discernible.
kartaview_814425166_2020-06-15_provider_processed.jpg,KartaView,2020-06-15,CC BY-SA 4.0,T06,MATCH_PROBABLE,MEDIUM,CROWN_AND_UPPER_TRUNK,True,True,True,False,True,Approaching perspective view looking west down Church Street (dist 19.4m). Canopy silhouette clearly discernible.
kartaview_814425166_2020-06-15_provider_processed.jpg,KartaView,2020-06-15,CC BY-SA 4.0,T07,MATCH_PROBABLE,MEDIUM,CROWN_AND_UPPER_TRUNK,True,True,True,False,True,Approaching perspective view looking west down Church Street (dist 16.6m). Canopy silhouette clearly discernible.
kartaview_814425170_2020-06-15_provider_processed.jpg,KartaView,2020-06-15,CC BY-SA 4.0,T05,MATCH_PROBABLE,MEDIUM,CROWN_AND_UPPER_TRUNK,True,True,True,False,True,Approaching perspective view looking west down Church Street (dist 20.0m). Canopy silhouette clearly discernible.
kartaview_814425170_2020-06-15_provider_processed.jpg,KartaView,2020-06-15,CC BY-SA 4.0,T07,MATCH_CONFIRMED,HIGH,CROWN_AND_TRUNK,True,True,True,False,True,"Immediate roadside passage (dist 14.2m). Forward/lateral view captures trunk, tree grate, and lower crown."
kartaview_814425174_2020-06-15_provider_processed.jpg,KartaView,2020-06-15,CC BY-SA 4.0,NONE_IN_VICINITY,NO_MATCH,HIGH,NONE,False,False,False,False,False,"Photo captured at Local (-19.5m, 102.9m) in eastern commercial corridor without BBMP census trees."
kartaview_814425214_2020-06-15_provider_processed.jpg,KartaView,2020-06-15,CC BY-SA 4.0,NONE_IN_VICINITY,NO_MATCH,HIGH,NONE,False,False,False,False,False,"Photo captured at Local (-31.3m, 106.0m) in eastern commercial corridor without BBMP census trees."
kartaview_814425202_2020-06-15_provider_processed.jpg,KartaView,2020-06-15,CC BY-SA 4.0,NONE_IN_VICINITY,NO_MATCH,HIGH,NONE,False,False,False,False,False,"Photo captured at Local (-39.6m, 107.4m) in eastern commercial corridor without BBMP census trees."
kartaview_814425210_2020-06-15_provider_processed.jpg,KartaView,2020-06-15,CC BY-SA 4.0,NONE_IN_VICINITY,NO_MATCH,HIGH,NONE,False,False,False,False,False,"Photo captured at Local (-51.1m, 109.5m) in eastern commercial corridor without BBMP census trees."
kartaview_814425246_2020-06-15_provider_processed.jpg,KartaView,2020-06-15,CC BY-SA 4.0,NONE_IN_VICINITY,NO_MATCH,HIGH,NONE,False,False,False,False,False,"Photo captured at Local (-62.9m, 112.4m) in eastern commercial corridor without BBMP census trees."
kartaview_814425238_2020-06-15_provider_processed.jpg,KartaView,2020-06-15,CC BY-SA 4.0,NONE_IN_VICINITY,NO_MATCH,HIGH,NONE,False,False,False,False,False,"Photo captured at Local (-74.0m, 115.0m) in eastern commercial corridor without BBMP census trees."
commons_72609321_original.jpg,Wikimedia Commons,2018-06-19,CC BY-SA 4.0,NONE_IN_VICINITY,NO_MATCH,HIGH,NONE,False,False,True,False,False,File:Bangalore Church street trees 1.jpg: Taken at Brigade Road junction (Local X ~267m). More than 170m east of core trees.
commons_72609323_original.jpg,Wikimedia Commons,2018-06-19,CC BY-SA 4.0,NONE_IN_VICINITY,NO_MATCH,HIGH,NONE,False,False,True,False,False,File:Bangalore Church street trees 2.jpg: Taken at Brigade Road junction (Local X ~267m). More than 170m east of core trees.
commons_72609328_original.jpg,Wikimedia Commons,2018-06-19,CC BY-SA 4.0,T08,MATCH_CONFIRMED,HIGH,CROWN_AND_TRUNK,True,True,True,False,True,File:Bangalore Church street trees 3.jpg: Foreground subject of photograph. Massive spreading Ficus religiosa canopy over pedestrian zone.
commons_72609328_original.jpg,Wikimedia Commons,2018-06-19,CC BY-SA 4.0,T10,MATCH_PROBABLE,MEDIUM,CROWN_AND_TRUNK,True,True,True,False,True,File:Bangalore Church street trees 3.jpg: Midground tree behind T08 on south sidewalk.
commons_72609328_original.jpg,Wikimedia Commons,2018-06-19,CC BY-SA 4.0,T09,MATCH_PROBABLE,MEDIUM,CROWN_VISIBLE,True,False,True,False,True,File:Bangalore Church street trees 3.jpg: Distant canopy in the southern tree row alignment.
commons_154346578_original.jpg,Wikimedia Commons,2024-10-25,CC BY-SA 4.0,T03,MATCH_POSSIBLE,LOW,CROWN_TOP_VIEW,True,False,False,False,False,"File:Aerial view from Barton Centre, MG Road, Bangalore (2024) 10.jpg: High-angle aerial oblique view from 22-story Barton Centre roofline. Shows top-down canopy texture and horizontal crown spread relative to adjacent building rooftops."
commons_154346578_original.jpg,Wikimedia Commons,2024-10-25,CC BY-SA 4.0,T04,MATCH_POSSIBLE,LOW,CROWN_TOP_VIEW,True,False,False,False,False,"File:Aerial view from Barton Centre, MG Road, Bangalore (2024) 10.jpg: High-angle aerial oblique view from 22-story Barton Centre roofline. Shows top-down canopy texture and horizontal crown spread relative to adjacent building rooftops."
commons_154346578_original.jpg,Wikimedia Commons,2024-10-25,CC BY-SA 4.0,T08,MATCH_POSSIBLE,LOW,CROWN_TOP_VIEW,True,False,False,False,False,"File:Aerial view from Barton Centre, MG Road, Bangalore (2024) 10.jpg: High-angle aerial oblique view from 22-story Barton Centre roofline. Shows top-down canopy texture and horizontal crown spread relative to adjacent building rooftops."
commons_154346578_original.jpg,Wikimedia Commons,2024-10-25,CC BY-SA 4.0,T09,MATCH_POSSIBLE,LOW,CROWN_TOP_VIEW,True,False,False,False,False,"File:Aerial view from Barton Centre, MG Road, Bangalore (2024) 10.jpg: High-angle aerial oblique view from 22-story Barton Centre roofline. Shows top-down canopy texture and horizontal crown spread relative to adjacent building rooftops."
commons_154346578_original.jpg,Wikimedia Commons,2024-10-25,CC BY-SA 4.0,T10,MATCH_POSSIBLE,LOW,CROWN_TOP_VIEW,True,False,False,False,False,"File:Aerial view from Barton Centre, MG Road, Bangalore (2024) 10.jpg: High-angle aerial oblique view from 22-story Barton Centre roofline. Shows top-down canopy texture and horizontal crown spread relative to adjacent building rooftops."
commons_154346578_original.jpg,Wikimedia Commons,2024-10-25,CC BY-SA 4.0,T11,MATCH_POSSIBLE,LOW,CROWN_TOP_VIEW,True,False,False,False,False,"File:Aerial view from Barton Centre, MG Road, Bangalore (2024) 10.jpg: High-angle aerial oblique view from 22-story Barton Centre roofline. Shows top-down canopy texture and horizontal crown spread relative to adjacent building rooftops."
commons_154346578_original.jpg,Wikimedia Commons,2024-10-25,CC BY-SA 4.0,T12,MATCH_POSSIBLE,LOW,CROWN_TOP_VIEW,True,False,False,False,False,"File:Aerial view from Barton Centre, MG Road, Bangalore (2024) 10.jpg: High-angle aerial oblique view from 22-story Barton Centre roofline. Shows top-down canopy texture and horizontal crown spread relative to adjacent building rooftops."
commons_154346588_original.jpg,Wikimedia Commons,2024-10-25,CC BY-SA 4.0,T03,MATCH_POSSIBLE,LOW,CROWN_TOP_VIEW,True,False,False,False,False,"File:Aerial view from Barton Centre, MG Road, Bangalore (2024) 13.jpg: High-angle aerial oblique view from 22-story Barton Centre roofline. Shows top-down canopy texture and horizontal crown spread relative to adjacent building rooftops."
commons_154346588_original.jpg,Wikimedia Commons,2024-10-25,CC BY-SA 4.0,T04,MATCH_POSSIBLE,LOW,CROWN_TOP_VIEW,True,False,False,False,False,"File:Aerial view from Barton Centre, MG Road, Bangalore (2024) 13.jpg: High-angle aerial oblique view from 22-story Barton Centre roofline. Shows top-down canopy texture and horizontal crown spread relative to adjacent building rooftops."
commons_154346588_original.jpg,Wikimedia Commons,2024-10-25,CC BY-SA 4.0,T08,MATCH_POSSIBLE,LOW,CROWN_TOP_VIEW,True,False,False,False,False,"File:Aerial view from Barton Centre, MG Road, Bangalore (2024) 13.jpg: High-angle aerial oblique view from 22-story Barton Centre roofline. Shows top-down canopy texture and horizontal crown spread relative to adjacent building rooftops."
commons_154346588_original.jpg,Wikimedia Commons,2024-10-25,CC BY-SA 4.0,T09,MATCH_POSSIBLE,LOW,CROWN_TOP_VIEW,True,False,False,False,False,"File:Aerial view from Barton Centre, MG Road, Bangalore (2024) 13.jpg: High-angle aerial oblique view from 22-story Barton Centre roofline. Shows top-down canopy texture and horizontal crown spread relative to adjacent building rooftops."
commons_154346588_original.jpg,Wikimedia Commons,2024-10-25,CC BY-SA 4.0,T10,MATCH_POSSIBLE,LOW,CROWN_TOP_VIEW,True,False,False,False,False,"File:Aerial view from Barton Centre, MG Road, Bangalore (2024) 13.jpg: High-angle aerial oblique view from 22-story Barton Centre roofline. Shows top-down canopy texture and horizontal crown spread relative to adjacent building rooftops."
commons_154346588_original.jpg,Wikimedia Commons,2024-10-25,CC BY-SA 4.0,T11,MATCH_POSSIBLE,LOW,CROWN_TOP_VIEW,True,False,False,False,False,"File:Aerial view from Barton Centre, MG Road, Bangalore (2024) 13.jpg: High-angle aerial oblique view from 22-story Barton Centre roofline. Shows top-down canopy texture and horizontal crown spread relative to adjacent building rooftops."
commons_154346588_original.jpg,Wikimedia Commons,2024-10-25,CC BY-SA 4.0,T12,MATCH_POSSIBLE,LOW,CROWN_TOP_VIEW,True,False,False,False,False,"File:Aerial view from Barton Centre, MG Road, Bangalore (2024) 13.jpg: High-angle aerial oblique view from 22-story Barton Centre roofline. Shows top-down canopy texture and horizontal crown spread relative to adjacent building rooftops."
commons_154346605_original.jpg,Wikimedia Commons,2024-10-25,CC BY-SA 4.0,T03,MATCH_POSSIBLE,LOW,CROWN_TOP_VIEW,True,False,False,False,False,"File:Aerial view from Barton Centre, MG Road, Bangalore (2024) 16.jpg: High-angle aerial oblique view from 22-story Barton Centre roofline. Shows top-down canopy texture and horizontal crown spread relative to adjacent building rooftops."
commons_154346605_original.jpg,Wikimedia Commons,2024-10-25,CC BY-SA 4.0,T04,MATCH_POSSIBLE,LOW,CROWN_TOP_VIEW,True,False,False,False,False,"File:Aerial view from Barton Centre, MG Road, Bangalore (2024) 16.jpg: High-angle aerial oblique view from 22-story Barton Centre roofline. Shows top-down canopy texture and horizontal crown spread relative to adjacent building rooftops."
commons_154346605_original.jpg,Wikimedia Commons,2024-10-25,CC BY-SA 4.0,T08,MATCH_POSSIBLE,LOW,CROWN_TOP_VIEW,True,False,False,False,False,"File:Aerial view from Barton Centre, MG Road, Bangalore (2024) 16.jpg: High-angle aerial oblique view from 22-story Barton Centre roofline. Shows top-down canopy texture and horizontal crown spread relative to adjacent building rooftops."
commons_154346605_original.jpg,Wikimedia Commons,2024-10-25,CC BY-SA 4.0,T09,MATCH_POSSIBLE,LOW,CROWN_TOP_VIEW,True,False,False,False,False,"File:Aerial view from Barton Centre, MG Road, Bangalore (2024) 16.jpg: High-angle aerial oblique view from 22-story Barton Centre roofline. Shows top-down canopy texture and horizontal crown spread relative to adjacent building rooftops."
commons_154346605_original.jpg,Wikimedia Commons,2024-10-25,CC BY-SA 4.0,T10,MATCH_POSSIBLE,LOW,CROWN_TOP_VIEW,True,False,False,False,False,"File:Aerial view from Barton Centre, MG Road, Bangalore (2024) 16.jpg: High-angle aerial oblique view from 22-story Barton Centre roofline. Shows top-down canopy texture and horizontal crown spread relative to adjacent building rooftops."
commons_154346605_original.jpg,Wikimedia Commons,2024-10-25,CC BY-SA 4.0,T11,MATCH_POSSIBLE,LOW,CROWN_TOP_VIEW,True,False,False,False,False,"File:Aerial view from Barton Centre, MG Road, Bangalore (2024) 16.jpg: High-angle aerial oblique view from 22-story Barton Centre roofline. Shows top-down canopy texture and horizontal crown spread relative to adjacent building rooftops."
commons_154346605_original.jpg,Wikimedia Commons,2024-10-25,CC BY-SA 4.0,T12,MATCH_POSSIBLE,LOW,CROWN_TOP_VIEW,True,False,False,False,False,"File:Aerial view from Barton Centre, MG Road, Bangalore (2024) 16.jpg: High-angle aerial oblique view from 22-story Barton Centre roofline. Shows top-down canopy texture and horizontal crown spread relative to adjacent building rooftops."
commons_165137063_original.jpg,Wikimedia Commons,2025-05-12,CC BY-SA 4.0,NONE_IN_VICINITY,NO_MATCH,HIGH,NONE,False,False,False,False,False,"File:An angel statue, Church Street, Bangalore (2025).jpg: Architectural / monument feature photo not showing Church Street tree cohort."
commons_188757238_original.jpg,Wikimedia Commons,2026-04-10,CC BY-SA 4.0,NONE_IN_VICINITY,NO_MATCH,HIGH,NONE,False,False,False,False,False,"File:An arch at MG Road, Bengaluru (2026).jpg: Architectural / monument feature photo not showing Church Street tree cohort."
mapillary_pKey_860157968229406,Mapillary,2021-10-14,CC BY-SA 4.0,T11,MATCH_CONFIRMED,MEDIUM,CROWN_AND_TRUNK,True,True,True,False,True,"Public Mapillary 360 street capture at Lat 12.97493, Lon 77.60505 confirms tree position and street grate."
mapillary_pKey_860157968229406,Mapillary,2021-10-14,CC BY-SA 4.0,T12,MATCH_CONFIRMED,MEDIUM,CROWN_AND_TRUNK,True,True,True,False,True,Public Mapillary 360 street capture confirms companion tree on southern sidewalk.
