review_id,object_id,kgis_tree_id,species_reported,longitude,latitude,source_crs,utm_easting_m,utm_northing_m,local_x_m,local_y_m,source_package,source_file,location_description,classification,geometry_reference
T01,554674,GN8035CJ5FGG001,Artocarpus Heterophyllus Lam.,77.6040925,12.9760181,EPSG:4326,782506.483,1435925.945,-35.327,189.835,bengaluru_church_street_bbmp_trees_july2026_supplement,bbmp_tree_census_2026-07/data/processed/trees_shadow_context_including_main.geojson,"Shadow-context buffer around Church Street corridor (Local X=-35.3m, Y=189.8m)",CONTEXT_SHADOW_REGION,sha256:2817dfb6eb2f46c2
T02,554688,GN8035CJ5BFF001,Michelia Longifolia Blume,77.6042275,12.9758351,EPSG:4326,782521.345,1435905.839,-20.465,169.729,bengaluru_church_street_bbmp_trees_july2026_supplement,bbmp_tree_census_2026-07/data/processed/trees_shadow_context_including_main.geojson,"Shadow-context buffer around Church Street corridor (Local X=-20.5m, Y=169.7m)",CONTEXT_SHADOW_REGION,sha256:27548e23ab4f93c9
T03,554700,GN8035CI5UGG001,Tabebuia Rosea (Bertol) Dc.,77.6040925,12.9756561,EPSG:4326,782506.892,1435885.875,-34.918,149.765,bengaluru_church_street_bbmp_trees_july2026_supplement,bbmp_tree_census_2026-07/data/processed/trees_shadow_context_including_main.geojson,"Shadow-context buffer around Church Street corridor (Local X=-34.9m, Y=149.8m)",CONTEXT_SHADOW_REGION,sha256:46571750ac7d8088
T04,554708,GN8035CI5QWC001,Markhamia Lutea (Benth.) K.Schum,77.6043115,12.9755661,EPSG:4326,782530.767,1435876.156,-11.043,140.046,bengaluru_church_street_bbmp_trees_july2026_supplement,bbmp_tree_census_2026-07/data/processed/trees_shadow_context_including_main.geojson,"Shadow-context buffer around Church Street corridor (Local X=-11.0m, Y=140.0m)",CONTEXT_SHADOW_REGION,sha256:0e5fcdde6938f4ca
T05,554729,GN8035CI5BXD001,Ficus Racemosa L.,77.6043495,12.9750301,EPSG:4326,782535.498,1435816.869,-6.312,80.759,bengaluru_church_street_bbmp_trees_july2026_supplement,bbmp_tree_census_2026-07/data/processed/trees_shadow_context_including_main.geojson,"Shadow-context buffer around Church Street corridor (Local X=-6.3m, Y=80.8m)",CONTEXT_SHADOW_REGION,sha256:d9a86cdbfc45a8f6
T06,554737,GN8035CI5BTO001,Araucaria Columnaris,77.6043775,12.9750141,EPSG:4326,782538.556,1435815.129,-3.254,79.019,bengaluru_church_street_bbmp_trees_july2026_supplement,bbmp_tree_census_2026-07/data/processed/trees_shadow_context_including_main.geojson,"Shadow-context buffer around Church Street corridor (Local X=-3.3m, Y=79.0m)",CONTEXT_SHADOW_REGION,sha256:15b2006e5c05f2ab
T07,554748,GN8035CI5GDI001,Araucaria Columnaris,77.6043225,12.9750801,EPSG:4326,782532.511,1435822.373,-9.299,86.263,bengaluru_church_street_bbmp_trees_july2026_supplement,bbmp_tree_census_2026-07/data/processed/trees_shadow_context_including_main.geojson,"Shadow-context buffer around Church Street corridor (Local X=-9.3m, Y=86.3m)",CONTEXT_SHADOW_REGION,sha256:a8d776a25f66d7e7
T08,554758,GN8035CI5DUF001,Ficus Religiosa L.,77.6045925,12.9750311,EPSG:4326,782561.876,1435817.249,20.066,81.139,bengaluru_church_street_bbmp_trees_july2026_supplement,bbmp_tree_census_2026-07/data/processed/trees_shadow_context_including_main.geojson,"Church Street south pedestrian walkway / vehicular edge (Local X=20.1m, Y=81.1m)",CORE_STUDY_AREA,sha256:75e51dc917554fe3
T09,554765,GN8035CI5EVO001,Syzygium Cumini (L.) Skeels,77.6048215,12.9750481,EPSG:4326,782586.715,1435819.385,44.905,83.275,bengaluru_church_street_bbmp_trees_july2026_supplement,bbmp_tree_census_2026-07/data/processed/trees_shadow_context_including_main.geojson,"Church Street south pedestrian walkway / vehicular edge (Local X=44.9m, Y=83.3m)",CORE_STUDY_AREA,sha256:c52177b28b63b03c
T10,554768,GN8035CI5DSH001,Syzygium Cumini (L.) Skeels,77.6047135,12.9749951,EPSG:4326,782575.051,1435813.398,33.241,77.288,bengaluru_church_street_bbmp_trees_july2026_supplement,bbmp_tree_census_2026-07/data/processed/trees_shadow_context_including_main.geojson,"Church Street south pedestrian walkway / vehicular edge (Local X=33.2m, Y=77.3m)",CORE_STUDY_AREA,sha256:4a0ef508d382f680
T11,554783,GN8035CI6AKO001,Saraca Asoca (Roxb.) De Wilde,77.6049685,12.9749751,EPSG:4326,782602.755,1435811.467,60.945,75.357,bengaluru_church_street_bbmp_trees_july2026_supplement,bbmp_tree_census_2026-07/data/processed/trees_shadow_context_including_main.geojson,"Church Street south pedestrian walkway / vehicular edge (Local X=60.9m, Y=75.4m)",CORE_STUDY_AREA,sha256:012e7704623534e2
T12,554787,GN8035CI6BKI001,Saraca Asoca (Roxb.) De Wilde,77.6051285,12.9749671,EPSG:4326,782620.133,1435810.759,78.323,74.649,bengaluru_church_street_bbmp_trees_july2026_supplement,bbmp_tree_census_2026-07/data/processed/trees_shadow_context_including_main.geojson,"Church Street south pedestrian walkway / vehicular edge (Local X=78.3m, Y=74.6m)",CORE_STUDY_AREA,sha256:eb101e962e18d0e1
T13,554795,GN8035CI6BEG001,Techoma Stans,77.6053005,12.9748831,EPSG:4326,782638.899,1435801.652,97.089,65.542,bengaluru_church_street_bbmp_trees_july2026_supplement,bbmp_tree_census_2026-07/data/processed/trees_shadow_context_including_main.geojson,"Church Street south pedestrian walkway / vehicular edge (Local X=97.1m, Y=65.5m)",CORE_STUDY_AREA,sha256:0e0e430a5a064e08
T14,554866,GN8035CI6TVE001,Pongamia Pinnata (L.) Pierre,77.6057295,12.9755681,EPSG:4326,782684.694,1435877.95,142.884,141.84,bengaluru_church_street_bbmp_trees_july2026_supplement,bbmp_tree_census_2026-07/data/processed/trees_shadow_context_including_main.geojson,"Shadow-context buffer around Church Street corridor (Local X=142.9m, Y=141.8m)",CONTEXT_SHADOW_REGION,sha256:c54f10fe0d6f754b
