tree_id,species,x_local_m,y_local_m,ground_z_m,tree_height_m,crown_diameter_m,crown_base_height_m,crown_top_height_m,trunk_diameter_m,crown_shape,image_reference,measurement_method,measurement_status,confidence,reviewer_notes,current_existence_status,source_reference
T01,Artocarpus Heterophyllus Lam.,-34.72,190.16,,,,,,,,,NONE,MISSING,NONE,Context tree located in rear parcel north of Church Street; no street-level or calibrated image view available.,CURRENT_EXISTENCE_UNCERTAIN,BBMP Tree Census 2026-07 OBJECTID 554674
T02,Michelia Longifolia Blume,-20.01,169.95,,,,,,,,,NONE,MISSING,NONE,Context tree located in north parcel alley; obstructed from road view.,CURRENT_EXISTENCE_UNCERTAIN,BBMP Tree Census 2026-07 OBJECTID 554688
T03,Tabebuia Rosea (Bertol) Dc.,-34.6,150.11,,,,,,,,commons_154346578_original.jpg,AERIAL_HIGH_ANGLE_INSPECTION_ONLY,MISSING,LOW,"Distant upper crown discernable in Barton Centre high-angle photograph, but road-level baseline obscured. Geometry uncalibrated.",CURRENT_EXISTENCE_UNCERTAIN,BBMP Tree Census 2026-07 OBJECTID 554700
T04,Markhamia Lutea (Benth.) K.Schum,-10.82,140.23,,,,,,,,commons_154346605_original.jpg,AERIAL_HIGH_ANGLE_INSPECTION_ONLY,MISSING,LOW,"North setback boundary; partial foliage visible from Barton Centre roofline, but ground trunk baseline unobserved.",CURRENT_EXISTENCE_UNCERTAIN,BBMP Tree Census 2026-07 OBJECTID 554708
T05,Ficus Racemosa L.,-6.32,80.78,,,,,,,SPREADING,kartaview_814425166_2020-06-15_provider_processed.jpg,STREET_PHOTO_QUALITATIVE_INSPECTION,MISSING,LOW,Western approach setback tree. Crown partially visible behind commercial signposts; no calibrated scale reference.,CURRENT_EXISTENCE_UNCERTAIN,BBMP Tree Census 2026-07 OBJECTID 554729
T06,Araucaria Columnaris,-3.28,79.03,,14.5,3.8,2.2,14.5,0.35,CONICAL_COLUMNAR,"kartaview_814425166_2020-06-15_provider_processed.jpg, kartaview_814425170_2020-06-15_provider_processed.jpg",PHOTO_RELATIVE_PROPORTION_ESTIMATE,PHOTO_ESTIMATED,MEDIUM,Distinctive tall Cook Pine conifer silhouette adjacent to building entrance. Height scaled relative to adjacent 4-story building floor plates (~3.5m/floor).,CURRENT_EXISTENCE_UNCERTAIN,BBMP Tree Census 2026-07 OBJECTID 554737
T07,Araucaria Columnaris,-9.26,86.32,,13.0,3.5,2.0,13.0,0.32,CONICAL_COLUMNAR,kartaview_814425170_2020-06-15_provider_processed.jpg,PHOTO_RELATIVE_PROPORTION_ESTIMATE,PHOTO_ESTIMATED,MEDIUM,Companion Cook pine conifer near T06. Distinctive conical spire.,CURRENT_EXISTENCE_UNCERTAIN,BBMP Tree Census 2026-07 OBJECTID 554748
T08,Ficus Religiosa L.,20.07,81.14,,13.5,12.0,4.2,13.5,0.85,SPREADING_HEMISPHERICAL,"kartaview_814425142_2020-06-15_provider_processed.jpg, commons_72609328_original.jpg",PHOTO_RELATIVE_PROPORTION_ESTIMATE,PHOTO_ESTIMATED,MEDIUM,Prominent mature sacred fig on south sidewalk. Broad spreading canopy overhanging street. Base clearance estimated from vehicular passing height (~4m).,CURRENT_EXISTENCE_UNCERTAIN,BBMP Tree Census 2026-07 OBJECTID 554758
T09,Syzygium Cumini (L.) Skeels,44.91,83.27,,11.0,8.5,3.8,11.0,0.55,ROUNDED_OVOID,"kartaview_814425130_2020-06-15_provider_processed.jpg, kartaview_814425114_2020-06-15_provider_processed.jpg",PHOTO_RELATIVE_PROPORTION_ESTIMATE,PHOTO_ESTIMATED,MEDIUM,"Mature Jamun tree on south sidewalk directly captured at 5.6m distance in KV 814425130. Dense foliage, rounded crown.",CURRENT_EXISTENCE_UNCERTAIN,BBMP Tree Census 2026-07 OBJECTID 554765
T10,Syzygium Cumini (L.) Skeels,33.24,77.29,,9.5,7.5,3.2,9.5,0.45,ROUNDED_OVOID,kartaview_814425138_2020-06-15_provider_processed.jpg,PHOTO_RELATIVE_PROPORTION_ESTIMATE,PHOTO_ESTIMATED,MEDIUM,Semi-mature Jamun located between T08 and T09 along southern pedestrian walkway. Medium density canopy.,CURRENT_EXISTENCE_UNCERTAIN,BBMP Tree Census 2026-07 OBJECTID 554768
T11,Saraca Asoca (Roxb.) De Wilde,60.95,75.36,,8.0,5.5,2.8,8.0,0.30,COMPACT_OVOID,"kartaview_814425114_2020-06-15_provider_processed.jpg, kartaview_814425110_2020-06-15_provider_processed.jpg",PHOTO_RELATIVE_PROPORTION_ESTIMATE,PHOTO_ESTIMATED,MEDIUM,Sita Ashok tree planted in sidewalk tree grate. Compact upright crown geometry.,CURRENT_EXISTENCE_UNCERTAIN,BBMP Tree Census 2026-07 OBJECTID 554783
T12,Saraca Asoca (Roxb.) De Wilde,78.32,74.65,,7.5,5.0,2.6,7.5,0.28,COMPACT_OVOID,kartaview_814425338_2020-06-15_provider_processed.jpg,PHOTO_RELATIVE_PROPORTION_ESTIMATE,PHOTO_ESTIMATED,MEDIUM,"Sita Ashok tree on south sidewalk, companion to T11. Height and crown diameter estimated relative to storefront heights.",CURRENT_EXISTENCE_UNCERTAIN,BBMP Tree Census 2026-07 OBJECTID 554787
T13,Techoma Stans,97.09,65.54,,5.0,3.5,1.8,5.0,0.18,SHRUBBY_ROUNDED,"kartaview_814425266_2020-06-15_provider_processed.jpg, kartaview_814425090_2020-06-15_provider_processed.jpg",PHOTO_RELATIVE_PROPORTION_ESTIMATE,PHOTO_ESTIMATED,MEDIUM,Small flowering tree / large shrub (Yellow bells) planted in roadside planter. Lowest height in the core cohort.,CURRENT_EXISTENCE_UNCERTAIN,BBMP Tree Census 2026-07 OBJECTID 554795
T14,Pongamia Pinnata (L.) Pierre,142.94,141.82,,,,,,,,,NONE,MISSING,NONE,Context tree located ~70m north of Church Street corridor behind properties; completely obscured from street level imagery.,CURRENT_EXISTENCE_UNCERTAIN,BBMP Tree Census 2026-07 OBJECTID 554866
