tree_id,object_id,species,classification,longitude,latitude,local_x_m,local_y_m,inside_raster_coverage,distance_to_nearest_valid_cell_m,nearest_fabdem_elevation_egm2008_m,bilinear_diagnostic_elevation_m,vertical_datum,ground_z_status,notes
T01,554674,Artocarpus Heterophyllus Lam.,CONTEXT_SHADOW_REGION,77.6040925,12.9760181,-35.327,189.835,True,0.0,912.84,912.431,EGM2008 orthometric height,FABDEM_REFERENCE_ONLY,Regional macro-scale bare-earth baseline (~30m cell size). Not a street micro-topography measurement.
T02,554688,Michelia Longifolia Blume,CONTEXT_SHADOW_REGION,77.6042275,12.9758351,-20.465,169.729,True,0.0,911.89,912.372,EGM2008 orthometric height,FABDEM_REFERENCE_ONLY,Regional macro-scale bare-earth baseline (~30m cell size). Not a street micro-topography measurement.
T03,554700,Tabebuia Rosea (Bertol) Dc.,CONTEXT_SHADOW_REGION,77.6040925,12.9756561,-34.918,149.765,True,0.0,911.96,911.914,EGM2008 orthometric height,FABDEM_REFERENCE_ONLY,Regional macro-scale bare-earth baseline (~30m cell size). Not a street micro-topography measurement.
T04,554708,Markhamia Lutea (Benth.) K.Schum,CONTEXT_SHADOW_REGION,77.6043115,12.9755661,-11.043,140.046,True,0.0,911.81,911.925,EGM2008 orthometric height,FABDEM_REFERENCE_ONLY,Regional macro-scale bare-earth baseline (~30m cell size). Not a street micro-topography measurement.
T05,554729,Ficus Racemosa L.,CONTEXT_SHADOW_REGION,77.6043495,12.9750301,-6.312,80.759,True,0.0,912.15,912.161,EGM2008 orthometric height,FABDEM_REFERENCE_ONLY,Regional macro-scale bare-earth baseline (~30m cell size). Not a street micro-topography measurement.
T06,554737,Araucaria Columnaris,CONTEXT_SHADOW_REGION,77.6043775,12.9750141,-3.254,79.019,True,0.0,912.15,912.155,EGM2008 orthometric height,FABDEM_REFERENCE_ONLY,Regional macro-scale bare-earth baseline (~30m cell size). Not a street micro-topography measurement.
T07,554748,Araucaria Columnaris,CONTEXT_SHADOW_REGION,77.6043225,12.9750801,-9.299,86.263,True,0.0,912.15,912.177,EGM2008 orthometric height,FABDEM_REFERENCE_ONLY,Regional macro-scale bare-earth baseline (~30m cell size). Not a street micro-topography measurement.
T08,554758,Ficus Religiosa L.,CORE_STUDY_AREA,77.6045925,12.9750311,20.066,81.139,True,0.0,911.75,911.977,EGM2008 orthometric height,FABDEM_REFERENCE_ONLY,Regional macro-scale bare-earth baseline (~30m cell size). Not a street micro-topography measurement.
T09,554765,Syzygium Cumini (L.) Skeels,CORE_STUDY_AREA,77.6048215,12.9750481,44.905,83.275,True,0.0,911.75,911.88,EGM2008 orthometric height,FABDEM_REFERENCE_ONLY,Regional macro-scale bare-earth baseline (~30m cell size). Not a street micro-topography measurement.
T10,554768,Syzygium Cumini (L.) Skeels,CORE_STUDY_AREA,77.6047135,12.9749951,33.241,77.288,True,0.0,911.75,911.766,EGM2008 orthometric height,FABDEM_REFERENCE_ONLY,Regional macro-scale bare-earth baseline (~30m cell size). Not a street micro-topography measurement.
T11,554783,Saraca Asoca (Roxb.) De Wilde,CORE_STUDY_AREA,77.6049685,12.9749751,60.945,75.357,True,0.0,911.88,911.857,EGM2008 orthometric height,FABDEM_REFERENCE_ONLY,Regional macro-scale bare-earth baseline (~30m cell size). Not a street micro-topography measurement.
T12,554787,Saraca Asoca (Roxb.) De Wilde,CORE_STUDY_AREA,77.6051285,12.9749671,78.323,74.649,True,0.0,911.88,912.207,EGM2008 orthometric height,FABDEM_REFERENCE_ONLY,Regional macro-scale bare-earth baseline (~30m cell size). Not a street micro-topography measurement.
T13,554795,Techoma Stans,CORE_STUDY_AREA,77.6053005,12.9748831,97.089,65.542,True,0.0,912.58,912.743,EGM2008 orthometric height,FABDEM_REFERENCE_ONLY,Regional macro-scale bare-earth baseline (~30m cell size). Not a street micro-topography measurement.
T14,554866,Pongamia Pinnata (L.) Pierre,CONTEXT_SHADOW_REGION,77.6057295,12.9755681,142.884,141.84,True,0.0,914.08,913.96,EGM2008 orthometric height,FABDEM_REFERENCE_ONLY,Regional macro-scale bare-earth baseline (~30m cell size). Not a street micro-topography measurement.
