scene_id,domain_width,domain_height,grid_resolution,grid_cell_count,building_count,geometry_count,edit_type,edit_magnitude,solar_altitude,solar_azimuth,weather_configuration,tmrt_tolerance,full_recompute_time,incremental_total_time,certificate_time,dependency_analysis_time,affected_region_time,selective_recompute_time,result_assembly_time,reused_cell_count,recomputed_cell_count,maximum_tmrt_error,mean_absolute_tmrt_error,maximum_utci_error,certificate_bound_maximum,certificate_violations,fallback_status,memory_usage_if_available,software_version,configuration_hash
scale_80m_low,80.0,80.0,1.0,6400,5,5,building_added,18.0,24.482031232271652,82.12663604246802,Tair=28.0C_DNI=800_DHI=160,0.5,0.46933849999913946,0.4909549000149127,0.0035943999828305095,5.4500007536262274e-05,0.0016174799922737293,0.486590900021838,0.0007151000027079135,200,6200,0.0,0.0,0.0,63.22669054086899,0,False,174.890625,0.2.0-research-prototype,9752204b6f5a16c8
scale_80m_medium,80.0,80.0,1.0,6400,5,5,building_added,18.0,24.482031232271652,82.12663604246802,Tair=28.0C_DNI=800_DHI=160,0.5,0.5187226999842096,0.5892468999954872,0.002622499974677339,4.379998426884413e-05,0.0011801249886048027,0.5858942000195384,0.0006864000170025975,200,6200,0.0,0.0,0.0,62.42269287412873,0,False,174.8984375,0.2.0-research-prototype,ef115254cabfb65a
scale_80m_high,80.0,80.0,1.0,6400,5,5,building_added,18.0,24.482031232271652,82.12663604246802,Tair=28.0C_DNI=800_DHI=160,0.5,0.6811566000105813,0.6634158999950159,0.003943699994124472,7.77999812271446e-05,0.0017746649973560125,0.6580127000052016,0.0013817000144626945,200,6200,0.0,0.0,0.0,61.47774868821739,0,False,174.96484375,0.2.0-research-prototype,b6728bf4a7a9fa99
scale_160m_low,160.0,160.0,1.0,25600,17,17,building_added,18.0,24.482031232271652,82.12663604246802,Tair=28.0C_DNI=800_DHI=160,0.5,4.609272800007602,1.2844017999887,0.009260799997719005,0.00024270001449622214,0.004167359998973552,1.2734978000225965,0.0014004999538883567,18156,7444,0.0,0.0,0.0,63.22669054086899,0,False,181.37890625,0.2.0-research-prototype,da486314a161d416
scale_160m_medium,160.0,160.0,1.0,25600,17,17,building_added,18.0,24.482031232271652,82.12663604246802,Tair=28.0C_DNI=800_DHI=160,0.5,5.497226400009822,1.6946610000159126,0.010495099995750934,4.770001396536827e-05,0.00472279499808792,1.68103050001082,0.0030876999953761697,18156,7444,0.0,0.0,0.0,62.262401127776116,0,False,181.5859375,0.2.0-research-prototype,713fda2492559a7e
scale_160m_high,160.0,160.0,1.0,25600,17,17,building_added,18.0,24.482031232271652,82.12663604246802,Tair=28.0C_DNI=800_DHI=160,0.5,3.6914116000116337,0.9880065000033937,0.008176500006811693,4.5199994929134846e-05,0.003679425003065262,0.9785032999934629,0.0012815000081900507,18156,7444,0.0,0.0,0.0,61.33129487030155,0,False,181.59765625,0.2.0-research-prototype,f852f83a7b77bd4a
scale_320m_low,320.0,320.0,1.0,102400,65,65,building_added,18.0,24.482031232271652,82.12663604246802,Tair=28.0C_DNI=800_DHI=160,0.5,40.82121510000434,2.8836685999995098,0.04641149999224581,6.219997885636985e-05,0.020885174996510613,2.830831600003876,0.006363300024531782,94956,7444,0.0,0.0,0.0,63.43121876062165,0,False,196.9375,0.2.0-research-prototype,e957df5747f6bfcd
scale_320m_medium,320.0,320.0,1.0,102400,65,65,building_added,18.0,24.482031232271652,82.12663604246802,Tair=28.0C_DNI=800_DHI=160,0.5,42.70198869999149,2.9984873999783304,0.03292150000925176,4.7999987145885825e-05,0.014814675004163292,2.959104200010188,0.006413699971744791,94956,7444,0.0,0.0,0.0,62.40321483341418,0,False,197.5859375,0.2.0-research-prototype,6d895829edf4c564
scale_320m_high,320.0,320.0,1.0,102400,65,65,building_added,18.0,24.482031232271652,82.12663604246802,Tair=28.0C_DNI=800_DHI=160,0.5,45.12231989999418,20.215843599988148,0.030220800021197647,5.440000677481294e-05,0.013599360009538942,20.164468400005717,0.021099999954458326,94956,7444,0.0,0.0,0.0,61.413624558105994,0,False,196.97265625,0.2.0-research-prototype,ebf9c31038685c52
