candidate_id,name,x_m,y_m,length_m,width_m,height_m,heading_deg,albedo,area_m2,is_feasible,rejection_reason,objective_value,mean_tmrt_k,mean_utci_c,p90_utci_c,max_cooling_k,runtime_ms,certificate_status,certificate_violations,seed,notes
CAND_BASE_0000,No-Intervention Baseline,0.0,0.0,0.0,0.0,0.0,0.0,0.0,0.0,True,NONE,54.8906,45.811,36.491,36.8,0.0,0.0,CERTIFIED,0,42,Unmodified Church Street urban geometry
CAND_BASE_0001,Canonical Intervention (BLR_SHADE_001),131.789,64.007,6.0,3.0,3.5,102.44,0.6,18.0,True,NONE,54.9674,45.755,36.477,36.8,12.616,1532.15,certified,0,42,Approved Stage 5/6 benchmark canopy
CAND_BASE_0002,"Corridor Grid Point (120, 60)",120.0,60.0,5.0,3.0,3.5,100.0,0.6,15.0,True,NONE,54.957,45.773,36.482,36.8,12.51,94.28,certified,0,42,Uniform spatial spacing along pedestrian spine
CAND_BASE_0003,"Corridor Grid Point (126, 62)",126.0,62.0,5.0,3.0,3.5,102.0,0.6,15.0,True,NONE,54.9561,45.771,36.481,36.8,12.373,75.07,certified,0,42,Uniform spatial spacing along pedestrian spine
CAND_BASE_0004,"Corridor Grid Point (135, 65)",135.0,65.0,5.0,3.0,3.5,105.0,0.6,15.0,False,BUILDING_COLLISION,9999.0,nan,nan,nan,nan,0.0,REJECTED_BEFORE_SIM,0,42,Uniform spatial spacing along pedestrian spine
CAND_BASE_0005,"Corridor Grid Point (144, 67)",144.0,67.0,5.0,3.0,3.5,104.0,0.6,15.0,False,BUILDING_COLLISION,9999.0,nan,nan,nan,nan,0.0,REJECTED_BEFORE_SIM,0,42,Uniform spatial spacing along pedestrian spine
CAND_BASE_0006,Western Boundary Candidate,115.0,58.0,4.0,2.5,3.2,95.0,0.6,10.0,False,OUT_OF_BOUNDS,9999.0,nan,nan,nan,nan,0.0,REJECTED_BEFORE_SIM,0,42,Near western corridor entrance
CAND_BASE_0007,Eastern Boundary Candidate,148.0,69.0,4.0,2.5,3.2,105.0,0.6,10.0,False,BUILDING_COLLISION,9999.0,nan,nan,nan,nan,0.0,REJECTED_BEFORE_SIM,0,42,Near eastern corridor boundary
CAND_BASE_0008,Low-Dimension Compact Panel,131.789,64.007,3.0,2.0,2.8,102.44,0.6,6.0,True,NONE,54.9131,45.78,36.483,36.8,12.871,74.77,certified,0,42,"Minimum footprint 6 m2, low height 2.8m"
CAND_BASE_0009,Mid-Dimension Standard Panel,131.789,64.007,7.0,3.5,3.5,102.44,0.6,24.5,False,OUT_OF_BOUNDS,9999.0,nan,nan,nan,nan,0.0,REJECTED_BEFORE_SIM,0,42,"Standard footprint 24.5 m2, height 3.5m"
CAND_BASE_0010,High-Dimension Expanded Panel,131.789,64.007,10.0,4.0,4.2,102.44,0.7,40.0,False,OUT_OF_BOUNDS,9999.0,nan,nan,nan,nan,0.0,REJECTED_BEFORE_SIM,0,42,"Large footprint 40 m2, high clearance 4.2m, high albedo"
CAND_BASE_0011,Stage 13 Catalog Candidate (CAND_FEAS_0001),120.0,60.0,6.0,4.0,3.5,90.0,0.6,24.0,True,NONE,54.9971,45.753,36.477,36.8,12.641,180.5,certified,0,42,Imported from Stage 13 catalog CAND_FEAS_0001
CAND_BASE_0012,Stage 13 Catalog Candidate (CAND_FEAS_0025),144.613,58.981,6.717,3.261,2.985,110.09,0.6,21.904,True,NONE,54.9893,45.763,36.48,36.8,12.668,83.02,certified,0,42,Imported from Stage 13 catalog CAND_FEAS_0025
CAND_BASE_0013,Stage 13 Catalog Candidate (CAND_FEAS_0063),116.593,60.554,11.1,3.196,3.951,99.32,0.6,35.476,True,NONE,55.0521,45.743,36.475,36.8,12.637,74.15,certified,0,42,Imported from Stage 13 catalog CAND_FEAS_0063
CAND_BASE_0014,Stage 13 Catalog Candidate (CAND_FEAS_0098),126.803,63.61,9.438,3.023,3.503,106.21,0.6,28.531,True,NONE,55.0136,45.729,36.471,36.8,12.667,82.16,certified,0,42,Imported from Stage 13 catalog CAND_FEAS_0098
CAND_BASE_0015,Infeasible Boundary Intrusion,-50.0,0.0,5.0,3.0,3.5,90.0,0.6,15.0,False,OUT_OF_BOUNDS,9999.0,nan,nan,nan,nan,0.0,REJECTED_BEFORE_SIM,0,42,Deliberately outside domain
CAND_BASE_0016,Infeasible Building Collision,10.0,10.0,8.0,5.0,3.5,90.0,0.6,40.0,False,BUILDING_COLLISION,9999.0,nan,nan,nan,nan,0.0,REJECTED_BEFORE_SIM,0,42,Deliberately colliding with building
